fold1/class_5/recall,fold0/class_4/f1-score,fold3/class_9/precision,fold0/confusion_matrix,fold0/class_5/precision,fold0/class_2/recall,fold0/class_4/recall,fold1/class_1/recall,fold0/class_3/precision,fold2/class_7/recall,fold1/class_9/precision,fold2/class_3/f1-score,fold2/class_6/precision,fold2/class_9/recall,fold2/class_1/precision,fold2/class_4/precision,fold1/class_0/precision,fold0/class_8/recall,fold0/class_9/precision,fold2/class_10/f1-score,fold0/class_9/recall,fold3/class_10/recall,fold4/class_4/precision,fold0/class_2/f1-score,fold3/class_7/f1-score,fold1/class_2/recall,fold4/class_5/precision,fold2/class_3/recall,_timestamp,fold1/class_7/precision,fold0/class_3/f1-score,fold3/class_9/f1-score,fold1/class_3/recall,fold2/class_7/precision,fold4/class_2/recall,fold2/class_4/f1-score,fold3/class_3/f1-score,fold2/class_8/precision,fold2/class_6/recall,fold4/class_6/recall,fold4/class_9/f1-score,fold2/class_9/precision,fold1/class_0/f1-score,fold3/class_8/recall,fold0/class_0/precision,fold1/class_3/precision,fold1/class_4/recall,fold1/class_2/precision,fold3/class_6/precision,fold1/class_8/f1-score,fold3/class_0/precision,fold4/class_6/f1-score,fold4/class_3/recall,fold0/class_10/recall,fold0/class_7/precision,fold3/class_6/f1-score,fold4/class_5/f1-score,fold4/class_1/f1-score,fold4/class_8/precision,fold3/class_1/f1-score,fold4/class_2/f1-score,fold1/class_6/recall,fold1/class_2/f1-score,fold3/class_1/precision,_step,fold2/class_1/f1-score,fold2/class_1/recall,fold0/class_0/recall,fold0/class_3/recall,fold4/class_5/recall,fold3/class_6/recall,fold3/confusion_matrix,fold3/class_7/recall,fold1/class_6/precision,fold1/class_6/f1-score,fold3/class_2/f1-score,fold4/class_7/f1-score,fold0/class_1/recall,fold2/class_10/precision,fold0/class_5/f1-score,fold3/class_4/precision,fold4/class_3/precision,fold4/class_2/precision,fold3/class_10/precision,fold2/class_0/recall,fold2/class_6/f1-score,fold4/class_7/recall,fold3/class_2/recall,fold2/class_5/precision,fold1/class_10/recall,fold1/class_3/f1-score,fold0/class_1/precision,fold1/class_1/precision,fold4/class_0/precision,fold3/class_5/recall,fold3/class_1/recall,fold0/class_0/f1-score,fold1/class_8/precision,fold2/class_5/f1-score,fold0/class_1/f1-score,fold0/class_10/f1-score,fold2/class_10/recall,fold1/class_4/precision,fold1/class_10/f1-score,fold2/class_4/recall,fold4/class_6/precision,fold4/class_4/recall,fold1/class_1/f1-score,fold0/class_10/precision,fold4/class_10/f1-score,fold4/class_10/precision,fold2/class_0/precision,fold4/class_9/recall,fold4/class_3/f1-score,fold0/class_9/f1-score,fold3/class_2/precision,fold2/class_8/recall,fold1/class_7/f1-score,fold1/class_9/f1-score,fold1/class_0/recall,fold2/class_3/precision,fold3/class_3/recall,fold2/class_8/f1-score,fold4/class_1/recall,fold3/class_5/f1-score,fold1/class_4/f1-score,fold1/class_8/recall,fold2/class_2/f1-score,fold2/class_2/recall,fold0/class_5/recall,cv5/fold_metrics,fold3/class_3/precision,fold4/class_0/recall,fold2/class_5/recall,fold0/class_7/f1-score,fold3/class_8/precision,fold4/class_1/precision,fold0/class_8/precision,fold2/class_2/precision,fold4/confusion_matrix,fold3/class_8/f1-score,fold3/class_0/f1-score,fold0/class_6/f1-score,fold3/class_4/f1-score,fold1/class_5/f1-score,fold0/class_7/recall,fold3/class_7/precision,fold4/class_4/f1-score,fold4/class_8/f1-score,fold3/class_9/recall,fold1/class_9/recall,fold4/class_8/recall,fold3/class_4/recall,fold2/class_0/f1-score,fold0/class_6/precision,fold0/class_2/precision,fold0/class_6/recall,fold0/class_4/precision,fold1/class_5/precision,fold0/class_8/f1-score,fold2/confusion_matrix,fold2/class_9/f1-score,fold2/class_7/f1-score,fold1/confusion_matrix,fold3/class_0/recall,fold1/class_10/precision,fold4/class_0/f1-score,fold1/class_7/recall,fold4/class_9/precision,fold3/class_5/precision,_runtime,fold4/class_7/precision,fold4/class_10/recall,fold3/class_10/f1-score
,,,"{'artifact_path': 'wandb-client-artifact://9go2943unn7amkplj9w3mudppqzd3jlywo919vsvxewjz8j7nzr04ibajob55juk34t8pcjjxi0j502bq3kz5l6sig5y8t8dze9y14g7excbudgk3fy3vasp3eweipi2/fold0/confusion_matrix.table.json', 'nrows': 11, 'path': 'media/table/fold0/confusion_matrix_0_0d54599314f577e0e0c4.table.json', 'log_mode': 'IMMUTABLE', '_latest_artifact_path': 'wandb-client-artifact://pk9yyeefjpcyp1s9rvpl77c6si6yoxp1naok7duf34cr6ynfcie3z1pjds75zz8b3sz6qh02p2hpkg09dul03vfzniixuubvuev6njwx3vllsec0854ikrry46tyfwd1:latest/fold0/confusion_matrix.table.json', '_type': 'table-file', 'ncols': 12, 'sha256': '0d54599314f577e0e0c4c7c48ce67b9ad10ebcb68ec58f6c52d70d434ad7feeb', 'size': 558}",,,,,,,,,,,,,,,,,,,,,,,,,1770730211.3212886,,,,,,,,,,,,,,,,,,,,,,,,,,,,,,,,,,,,0,,,,,,,,,,,,,,,,,,,,,,,,,,,,,,,,,,,,,,,,,,,,,,,,,,,,,,,,,,,,,,,,,,,,,,,,,,,,,,,,,,,,,,,,,,,,,,,,,,,,,,,,,,3996.589444528,,,
,,,,,,,,,,,,,,,,,,,,,,,,,,,,1770730211.3236353,,,,,,,,,,,,,,,,0.999926133845472,,,,,,,,,,,,,,,,,,,,1,,,0.9999630655586335,,,,,,,,,,,,,,,,,,,,,,,,,,,,,0.999944599361046,,,,,,,,,,,,,,,,,,,,,,,,,,,,,,,,,,,,,,,,,,,,,,,,,,,,,,,,,,,,,,,,,,,,,,,,,,3996.59151026,,,
,,,,,,,,,,,,,,,,,,,,,,,,,,,,1770730211.3242903,,,,,,,,,,,,,,,,,,,,,,,,,,,,,,,,,,,,2,,,,,,,,,,,,,1,,,,,,,,,,,,,,0.9874213836477987,,,,,,,,0.9936708860759493,,,,,,,,,,,,,,,,,,,,,,,,,,,,,,,,,,,,,,,,,,,,,,,,,,,,,,,,,,,,,,,,,,,,,,,3996.59197027,,,
,,,,,0.9935064935064936,,,,,,,,,,,,,,,,,,0.996742671009772,,,,,1770730211.3246915,,,,,,,,,,,,,,,,,,,,,,,,,,,,,,,,,,,,3,,,,,,,,,,,,,,,,,,,,,,,,,,,,,,,,,,,,,,,,,,,,,,,,,,,,,,,,,,,,,,,,,,,,,,,,,,,,,,,,,,,,,,,,,,,1,,,,,,,,,,,,,,,3996.592310607,,,
,,,,,,,,1,,,,,,,,,,,,,,,,,,,,1770730211.3250911,,1,,,,,,,,,,,,,,,,,,,,,,,,,,,,,,,,,,4,,,,1,,,,,,,,,,,,,,,,,,,,,,,,,,,,,,,,,,,,,,,,,,,,,,,,,,,,,,,,,,,,,,,,,,,,,,,,,,,,,,,,,,,,,,,,,,,,,,,,,,,,,,3996.592687899,,,
,0.9926470588235294,,,,,1,,,,,,,,,,,,,,,,,,,,,,1770730211.3254602,,,,,,,,,,,,,,,,,,,,,,,,,,,,,,,,,,,,5,,,,,,,,,,,,,,,,,,,,,,,,,,,,,,,,,,,,,,,,,,,,,,,,,,,,,,,,,,,,,,,,,,,,,,,,,,,,,,,,,,,,,,,,,,,,,0.9854014598540146,,,,,,,,,,,,,3996.593066872,,,
,,,,0.9939759036144579,,,,,,,,,,,,,,,,,,,,,,,,1770730211.325817,,,,,,,,,,,,,,,,,,,,,,,,,,,,,,,,,,,,6,,,,,,,,,,,,,,,0.990990990990991,,,,,,,,,,,,,,,,,,,,,,,,,,,,,,,,,,,,,,,,,,,,,,,,,,0.9880239520958084,,,,,,,,,,,,,,,,,,,,,,,,,,,,,,,,,,,,,,,,,3996.593399501,,,
,,,,,,,,,,,,,,,,,,,,,,,,,,,,1770730211.3262293,,,,,,,,,,,,,,,,,,,,,,,,,,,,,,,,,,,,7,,,,,,,,,,,,,,,,,,,,,,,,,,,,,,,,,,,,,,,,,,,,,,,,,,,,,,,,,,,,,,,,,,,,,,,,,,,,,,0.9965635738831615,,,,,,,,,,,,0.9931506849315068,,1,,,,,,,,,,,,,,3996.593845868,,,
,,,,,,,,,,,,,,,,,,,,,,,,,,,,1770730211.326589,,,,,,,,,,,,,,,,,,,,,,,,,,1,,,,,,,,,,8,,,,,,,,,,,,,,,,,,,,,,,,,,,,,,,,,,,,,,,,,,,,,,,,,,,,,,,,,,,,,,,,,,,,,,0.9965156794425087,,,,,,,,,,,0.9930555555555556,,,,,,,,,,,,,,,,,,,,,,,,,3996.59414559,,,
,,,,,,,,,,,,,,,,,1,,,,,,,,,,,1770730211.3269253,,,,,,,,,,,,,,,,,,,,,,,,,,,,,,,,,,,,9,,,,,,,,,,,,,,,,,,,,,,,,,,,,,,,,,,,,,,,,,,,,,,,,,,,,,,,,,,,,,,,,,,,,,,,,,1,,,,,,,,,,,,,,,,,,,,,,1,,,,,,,,,,,3996.594493951,,,
,,,,,,,,,,,,,,,,,,1,,0.993103448275862,,,,,,,,1770730211.327258,,,,,,,,,,,,,,,,,,,,,,,,,,,,,,,,,,,,10,,,,,,,,,,,,,,,,,,,,,,,,,,,,,,,,,,,,,,,,,,,,,,,,,,0.9965397923875432,,,,,,,,,,,,,,,,,,,,,,,,,,,,,,,,,,,,,,,,,,,,,,,,,,,,,,,,3996.594825726,,,
,,,,,,,,,,,,,,,,,,,,,,,,,,,,1770730211.3275661,,,,,,,,,,,,,,,,,,,,,,,,,0.9934354485776805,,,,,,,,,,,11,,,,,,,,,,,,,,,,,,,,,,,,,,,,,,,,,,,,0.9967069154774972,,,,,,,,1,,,,,,,,,,,,,,,,,,,,,,,,,,,,,,,,,,,,,,,,,,,,,,,,,,,,,,,,,,,,,,3996.595100816,,,
,,,,,,,,,,,,,,,,,,,,,,,,,,,,1770730631.6825206,,,,,,,,,,,,,,,,,,,,,,,,,,,,,,,,,,,,12,,,,,,,,,,,,,,,,,,,,,,,,,,,,,,,,,,,,,,,,,,,,,,,,,,,,,,,,,,,,,,,,,,,,,,,,,,,,,,,,,,,,,,,,,,,,,,,,,,,"{'nrows': 11, 'sha256': '20408b2ded5ed8281faf7e258b2302c973354cdec5d37e335d180565b7d8502b', '_latest_artifact_path': 'wandb-client-artifact://euvu8vo506n6im241ekqx193qkuvw4ilxjbsq6kmabavy6j8aqy9l3mqr8rw7l8l1x2hwdk8hvz4j44ow7hqq6cpw63ykymh2pdycmk6kdrf5tip1mkpmidkzo14i6hb:latest/fold1/confusion_matrix.table.json', 'ncols': 12, 'path': 'media/table/fold1/confusion_matrix_12_20408b2ded5ed8281faf.table.json', 'size': 558, '_type': 'table-file', 'log_mode': 'IMMUTABLE', 'artifact_path': 'wandb-client-artifact://stif3r6oys4j0z6y4gqjktxkjjoty8cki60ixnvu0www2s403dbvh1z5760w72g6bpmlu7dzq37k86gb127c6e3fzh0ico97alreh0vsasfl82v40vb18fk7qocevo7a/fold1/confusion_matrix.table.json'}",,,,,,,4416.950382857,,,
,,,,,,,,,,,,,,,,0.9999630662406973,,,,,,,,,,,,1770730631.6846952,,,,,,,,,,,,,,0.9999722994247514,,,,,,,,,,,,,,,,,,,,,,13,,,,,,,,,,,,,,,,,,,,,,,,,,,,,,,,,,,,,,,,,,,,,,,,,,,,,,,0.9999815327793167,,,,,,,,,,,,,,,,,,,,,,,,,,,,,,,,,,,,,,,,,,,,,,,,,,,4416.952453743,,,
,,,,,,,1,,,,,,,,,,,,,,,,,,,,,1770730631.685316,,,,,,,,,,,,,,,,,,,,,,,,,,,,,,,,,,,,14,,,,,,,,,,,,,,,,,,,,,,,,,,,,1,,,,,,,,,,,,,,,1,,,,,,,,,,,,,,,,,,,,,,,,,,,,,,,,,,,,,,,,,,,,,,,,,,,,,,,,,,,,,,,4416.953038966,,,
,,,,,,,,,,,,,,,,,,,,,,,,,1,,,1770730631.6857808,,,,,,,,,,,,,,,,,,,0.972027972027972,,,,,,,,,,,,,,,0.9858156028368794,,15,,,,,,,,,,,,,,,,,,,,,,,,,,,,,,,,,,,,,,,,,,,,,,,,,,,,,,,,,,,,,,,,,,,,,,,,,,,,,,,,,,,,,,,,,,,,,,,,,,,,,,,,,,4416.953374542,,,
,,,,,,,,,,,,,,,,,,,,,,,,,,,,1770730631.686171,,,,1,,,,,,,,,,,,,0.9810126582278481,,,,,,,,,,,,,,,,,,,16,,,,,,,,,,,,,,,,,,,,,,,,,,0.9904153354632588,,,,,,,,,,,,,,,,,,,,,,,,,,,,,,,,,,,,,,,,,,,,,,,,,,,,,,,,,,,,,,,,,,,,,,,,,,,,,,,,4416.953781635,,,
,,,,,,,,,,,,,,,,,,,,,,,,,,,,1770730631.6865382,,,,,,,,,,,,,,,,,,1,,,,,,,,,,,,,,,,,,17,,,,,,,,,,,,,,,,,,,,,,,,,,,,,,,,,,,,,,0.9854014598540146,,,,,,,,,,,,,,,,,,,,,,,0.9926470588235294,,,,,,,,,,,,,,,,,,,,,,,,,,,,,,,,,,,,,,,,,,,,,4416.954142456,,,
1,,,,,,,,,,,,,,,,,,,,,,,,,,,,1770730631.6910357,,,,,,,,,,,,,,,,,,,,,,,,,,,,,,,,,,,,18,,,,,,,,,,,,,,,,,,,,,,,,,,,,,,,,,,,,,,,,,,,,,,,,,,,,,,,,,,,,,,,,,,,,,,,,,,,,,,,,1,,,,,,,,,,,,,,1,,,,,,,,,,,,4416.958730451,,,
,,,,,,,,,,,,,,,,,,,,,,,,,,,,1770730631.6914432,,,,,,,,,,,,,,,,,,,,,,,,,,,,,,,,,1,,,19,,,,,,,,,1,1,,,,,,,,,,,,,,,,,,,,,,,,,,,,,,,,,,,,,,,,,,,,,,,,,,,,,,,,,,,,,,,,,,,,,,,,,,,,,,,,,,,,,,,,,,,,,,,,4416.958987545,,,
,,,,,,,,,,,,,,,,,,,,,,,,,,,,1770730631.6917908,1,,,,,,,,,,,,,,,,,,,,,,,,,,,,,,,,,,,20,,,,,,,,,,,,,,,,,,,,,,,,,,,,,,,,,,,,,,,,,,,,,,,,,,,,,0.9929577464788732,,,,,,,,,,,,,,,,,,,,,,,,,,,,,,,,,,,,,,,,,,,,,,,,,,0.986013986013986,,,4416.959327463,,,
,,,,,,,,,,,,,,,,,,,,,,,,,,,,1770730631.6920793,,,,,,,,,,,,,,,,,,,,,0.9814814814814815,,,,,,,,,,,,,,,21,,,,,,,,,,,,,,,,,,,,,,,,,,,,,,,,,0.99375,,,,,,,,,,,,,,,,,,,,,,,,,,,,,0.9695121951219512,,,,,,,,,,,,,,,,,,,,,,,,,,,,,,,,,,,,,,,,,,,,4416.95962645,,,
,,,,,,,,,,1,,,,,,,,,,,,,,,,,,1770730631.692381,,,,,,,,,,,,,,,,,,,,,,,,,,,,,,,,,,,,22,,,,,,,,,,,,,,,,,,,,,,,,,,,,,,,,,,,,,,,,,,,,,,,,,,,,,,0.9964912280701754,,,,,,,,,,,,,,,,,,,,,,,,,,,,,,,,0.993006993006993,,,,,,,,,,,,,,,,,,,,4416.959912449,,,
,,,,,,,,,,,,,,,,,,,,,,,,,,,,1770730631.6926522,,,,,,,,,,,,,,,,,,,,,,,,,,,,,,,,,,,,23,,,,,,,,,,,,,,,,,,,,,,,,,0.9934354485776805,,,,,,,,,,,,,,0.9967069154774972,,,,,,,,,,,,,,,,,,,,,,,,,,,,,,,,,,,,,,,,,,,,,,,,,,,,,,,,,,,,,,1,,,,,4416.960158223,,,
,,,,,,,,,,,,,,,,,,,,,,,,,,,,1770731159.4152315,,,,,,,,,,,,,,,,,,,,,,,,,,,,,,,,,,,,24,,,,,,,,,,,,,,,,,,,,,,,,,,,,,,,,,,,,,,,,,,,,,,,,,,,,,,,,,,,,,,,,,,,,,,,,,,,,,,,,,,,,,,,,,,,,,,,,"{'log_mode': 'IMMUTABLE', 'artifact_path': 'wandb-client-artifact://pwr2014qjwu0z8du20xck3j17hurozghn3raalqgrdi05hxx5mq2ag50c7n3ek9g0gfe046l98biww2p8b98bi6sw3qbzmj3hz8oygg7pui5d0ia62tirjizg19hi7tx/fold2/confusion_matrix.table.json', '_latest_artifact_path': 'wandb-client-artifact://6g5nfp2e5q4i4claib8u15nzn358i978khownkszlqkrcnt9yjzpdfeks4d1kl8hjkfxy2perkm2rfirtk7ms4ekb469g0fmc4enfx8w3xsfsozo7ghge2j9936ln8ow:latest/fold2/confusion_matrix.table.json', 'nrows': 11, 'path': 'media/table/fold2/confusion_matrix_24_80e30c73b1f188e4988b.table.json', 'ncols': 12, '_type': 'table-file', 'sha256': '80e30c73b1f188e4988b8f2bdb45cb128933728e25d3007c9749b1339f7652ad', 'size': 558}",,,,,,,,,,4944.683155766,,,
,,,,,,,,,,,,,,,,,,,,,,,,,,,,1770731159.4172323,,,,,,,,,,,,,,,,,,,,,,,,,,,,,,,,,,,,25,,,,,,,,,,,,,,,,,,,,0.9999815225424982,,,,,,,,,,,,,,,,,,,,,,,,,,,0.9999260942667627,,,,,,,,,,,,,,,,,,,,,,,,,,,,,,,,,,,,,,,,,,0.9999538076365215,,,,,,,,,,,,,,,,,4944.684849511,,,
,,,,,,,,,,,,,,0.9931972789115646,,,,,,,,,,,,,,1770731159.4176848,,,,,,,,,,,,,,,,,,,,,,,,,,,,,,,,,,,,26,0.9898305084745763,0.9864864864864865,,,,,,,,,,,,,,,,,,,,,,,,,,,,,,,,,,,,,,,,,,,,,,,,,,,,,,,,,,,,,,,,,,,,,,,,,,,,,,,,,,,,,,,,,,,,,,,,,,,,,,,,4944.68550926,,,
,,,,,,,,,,,,,,,,,,,,,,,,,,,,1770731159.4182749,,,,,,,,,,,,,,,,,,,,,,,,,,,,,,,,,,,,27,,,,,,,,,,,,,,,,,,,,,,,,,,,,,,,,,,,,,,,,,,,,,,,,,,,,,,,,,,,,,,,0.9907120743034056,0.9937888198757764,,,,,,,,,,0.9876543209876543,,,,,,,,,,,,,,,,,,,,,,,,,,,,,,,,4944.685902955,,,
,,,,,,,,,,,0.9942196531791907,,,,,,,,,,,,,,,,0.9942196531791907,1770731159.4186695,,,,,,,,,,,,,,,,,,,,,,,,,,,,,,,,,,,,28,,,,,,,,,,,,,,,,,,,,,,,,,,,,,,,,,,,,,,,,,,,,,,,,,,,,,,,,0.9942196531791907,,,,,,,,,,,,,,,,,,,,,,,,,,,,,,,,,,,,,,,,,,,,,,,,,,4944.686216338,,,
,,,,,,,,,,,,,,,0.9865771812080537,,,,,,,,,,,,,1770731159.418969,,,,,,,0.98989898989899,,,,,,,,,,,,,,,,,,,,,,,,,,,,,29,,,,,,,,,,,,,,,,,,,,,,,,,,,,,,,,,,,,,,,,0.9932432432432432,,,,,,,,,,,,,,,,,,,,,,,,,,,,,,,,,,,,,,,,,,,,,,,,,,,,,,,,,,,,,,,,,,4944.686521803,,,
,,,,,,,,,,,,,,,,,,,,,,,,,,,,1770731159.4192836,,,,,,,,,,,,,,,,,,,,,,,,,,,,,,,,,,,,30,,,,,,,,,,,,,,,,,,,,,,,,0.9935483870967742,,,,,,,,,,0.9967637540453075,,,,,,,,,,,,,,,,,,,,,,,,,,,,,,,,,,,1,,,,,,,,,,,,,,,,,,,,,,,,,,,,,,,,,,,,,4944.686833019,,,
,,,,,,,,,,,,0.9931506849315068,,,,,,,,,,,,,,,,1770731159.41967,,,,,,,,,,1,,,,,,,,,,,,,,,,,,,,,,,,,,31,,,,,,,,,,,,,,,,,,,,,0.9965635738831615,,,,,,,,,,,,,,,,,,,,,,,,,,,,,,,,,,,,,,,,,,,,,,,,,,,,,,,,,,,,,,,,,,,,,,,,,,,,,,,,,,,,,4944.68729048,,,
,,,,,,,,,0.9932432432432432,,,,,,,,,,,,,,,,,,,1770731159.4200363,,,,,1,,,,,,,,,,,,,,,,,,,,,,,,,,,,,,,32,,,,,,,,,,,,,,,,,,,,,,,,,,,,,,,,,,,,,,,,,,,,,,,,,,,,,,,,,,,,,,,,,,,,,,,,,,,,,,,,,,,,,,,,,,,,,,,,,,0.9966101694915255,,,,,,,,4944.687684938,,,
,,,,,,,,,,,,,,,,,,,,,,,,,,,,1770731159.420448,,,,,,,,,1,,,,,,,,,,,,,,,,,,,,,,,,,,,33,,,,,,,,,,,,,,,,,,,,,,,,,,,,,,,,,,,,,,,,,,,,,,,,,,,,0.9801324503311258,,,,,,0.9899665551839465,,,,,,,,,,,,,,,,,,,,,,,,,,,,,,,,,,,,,,,,,,,,,,,,4944.688035875,,,
,,,,,,,,,,,,,0.986013986013986,,,,,,,,,,,,,,,1770731159.4207816,,,,,,,,,,,,,1,,,,,,,,,,,,,,,,,,,,,,,34,,,,,,,,,,,,,,,,,,,,,,,,,,,,,,,,,,,,,,,,,,,,,,,,,,,,,,,,,,,,,,,,,,,,,,,,,,,,,,,,,,,,,,,,,,,,,,,,,0.9929577464788732,,,,,,,,,4944.688335615,,,
,,,,,,,,,,,,,,,,,,,1,,,,,,,,,1770731159.4210908,,,,,,,,,,,,,,,,,,,,,,,,,,,,,,,,,,,,35,,,,,,,,,,,,,,1,,,,,,,,,,,,,,,,,,,,,,,1,,,,,,,,,,,,,,,,,,,,,,,,,,,,,,,,,,,,,,,,,,,,,,,,,,,,,,,,,,,,,,,,,,,,,4944.688664097,,,
,,,,,,,,,,,,,,,,,,,,,,,,,,,,1770731610.1451116,,,,,,,,,,,,,,,,,,,,,,,,,,,,,,,,,,,,36,,,,,,,"{'log_mode': 'IMMUTABLE', 'sha256': '2463b8e88e7124374a1aae245525a45b230a7c68bb23354a63195a6a14c7b981', 'size': 558, '_type': 'table-file', 'artifact_path': 'wandb-client-artifact://2duoayhxdf4wo7gcayhby2741438nexgopsk0gti5q48f0hcjwdwjh8w4f56fxjgynefexbywckyhu4mdkt1xj42fsigk4k7spn4w6wndpfm661hv7tnb1ts5tweopq6/fold3/confusion_matrix.table.json', 'nrows': 11, 'ncols': 12, '_latest_artifact_path': 'wandb-client-artifact://susatccrg0s4ver4dihlmfedq4n1c8jvwnhz97emuc12lwb6eyequww4ytz1cyond342rq12hwb2wo8veljx0yd6hwdbhyuopqbk8xkubvhkm52a6hda8qgvenobiw8w:latest/fold3/confusion_matrix.table.json', 'path': 'media/table/fold3/confusion_matrix_36_2463b8e88e7124374a1a.table.json'}",,,,,,,,,,,,,,,,,,,,,,,,,,,,,,,,,,,,,,,,,,,,,,,,,,,,,,,,,,,,,,,,,,,,,,,,,,,,,,,,,,,,,,,,,,,,,,,,,,,5395.412932603,,,
,,,,,,,,,,,,,,,,,,,,,,,,,,,,1770731610.1469128,,,,,,,,,,,,,,,,,,,,,,0.9998522021874077,,,,,,,,,,,,,,37,,,,,,,,,,,,,,,,,,,,,,,,,,,,,,,,,,,,,,,,,,,,,,,,,,,,,,,,,,,,,,,,,,,,,,,,,,,,,0.9999260956322519,,,,,,,,,,,,,,,,,,,,,,,1,,,,,,5395.414653445,,,
,,,,,,,,,,,,,,,,,,,,,,,,,,,,1770731610.147374,,,,,,,,,,,,,,,,,,,,,,,,,,,,,,,0.9968454258675079,,,,0.9937106918238994,38,,,,,,,,,,,,,,,,,,,,,,,,,,,,,,,1,,,,,,,,,,,,,,,,,,,,,,,,,,,,,,,,,,,,,,,,,,,,,,,,,,,,,,,,,,,,,,,,,,,,,,,,,,,5395.415073917,,,
,,,,,,,,,,,,,,,,,,,,,,,,,,,,1770731610.1477797,,,,,,,,,,,,,,,,,,,,,,,,,,,,,,,,,,,,39,,,,,,,,,,,0.9824561403508771,,,,,,,,,,,,0.9790209790209791,,,,,,,,,,,,,,,,,,,,,,,,,,,,0.9859154929577465,,,,,,,,,,,,,,,,,,,,,,,,,,,,,,,,,,,,,,,,,,,,,,,,,,,,,,,5395.41542034,,,
,,,,,,,,,,,,,,,,,,,,,,,,,,,,1770731610.14825,,,,,,,,0.9863013698630136,,,,,,,,,,,,,,,,,,,,,,,,,,,,40,,,,,,,,,,,,,,,,,,,,,,,,,,,,,,,,,,,,,,,,,,,,,,,,,,,,,,,,,0.972972972972973,,,,,,,,,,1,,,,,,,,,,,,,,,,,,,,,,,,,,,,,,,,,,,,,,,5395.415962287,,,
,,,,,,,,,,,,,,,,,,,,,,,,,,,,1770731610.14875,,,,,,,,,,,,,,,,,,,,,,,,,,,,,,,,,,,,41,,,,,,,,,,,,,,,,1,,,,,,,,,,,,,,,,,,,,,,,,,,,,,,,,,,,,,,,,,,,,,,,,,,,,,,,,,,,,,,,0.9930555555555556,,,,,,,,,0.9862068965517241,,,,,,,,,,,,,,,,,,5395.416326233,,,
,,,,,,,,,,,,,,,,,,,,,,,,,,,,1770731610.1491497,,,,,,,,,,,,,,,,,,,,,,,,,,,,,,,,,,,,42,,,,,,,,,,,,,,,,,,,,,,,,,,,,,,1,,,,,,,,,,,,,,,,,,,,,,,,,,,,,,1,,,,,,,,,,,,,,,,,,,,,,,,,,,,,,,,,,,,,,,,,,,,,1,5395.416812308,,,
,,,,,,,,,,,,,,,,,,,,,,,,,,,,1770731610.1496534,,,,,,,,,,,,,,,,,,,,1,,,,,,,1,,,,,,,,,43,,,,,,1,,,,,,,,,,,,,,,,,,,,,,,,,,,,,,,,,,,,,,,,,,,,,,,,,,,,,,,,,,,,,,,,,,,,,,,,,,,,,,,,,,,,,,,,,,,,,,,,,,,,5395.417347606,,,
,,,,,,,,,,,,,,,,,,,,,,,,0.9899665551839465,,,,1770731610.150146,,,,,,,,,,,,,,,,,,,,,,,,,,,,,,,,,,,,44,,,,,,,,0.9866666666666667,,,,,,,,,,,,,,,,,,,,,,,,,,,,,,,,,,,,,,,,,,,,,,,,,,,,,,,,,,,,,,,,,,,,,,,,,,0.9932885906040269,,,,,,,,,,,,,,,,,,,,,,,,5395.417704474,,,
,,,,,,,,,,,,,,,,,,,,,,,,,,,,1770731610.1504548,,,,,,,,,,,,,,,1,,,,,,,,,,,,,,,,,,,,,45,,,,,,,,,,,,,,,,,,,,,,,,,,,,,,,,,,,,,,,,,,,,,,,,,,,,,,,,,,,,,,,,,,,,,,,0.9863945578231292,,,,,0.9931506849315068,,,,,,,,,,,,,,,,,,,,,,,,,,,,,,5395.417995935,,,
,,1,,,,,,,,,,,,,,,,,,,,,,,,,,1770731610.150736,,,0.9968652037617555,,,,,,,,,,,,,,,,,,,,,,,,,,,,,,,,,46,,,,,,,,,,,,,,,,,,,,,,,,,,,,,,,,,,,,,,,,,,,,,,,,,,,,,,,,,,,,,,,,,,,,,,,,,,,,,,,,,,,,,0.99375,,,,,,,,,,,,,,,,,,,,,5395.418267592,,,
,,,,,,,,,,,,,,,,,,,,,0.9956043956043956,,,,,,,1770731610.1510124,,,,,,,,,,,,,,,,,,,,,,,,,,,,,,,,,,,,47,,,,,,,,,,,,,,,,,,,1,,,,,,,,,,,,,,,,,,,,,,,,,,,,,,,,,,,,,,,,,,,,,,,,,,,,,,,,,,,,,,,,,,,,,,,,,,,,,,,,,,,,,,,5395.418550784,,,0.9977973568281938
,,,,,,,,,,,,,,,,,,,,,,,,,,,,1770732051.9825866,,,,,,,,,,,,,,,,,,,,,,,,,,,,,,,,,,,,48,,,,,,,,,,,,,,,,,,,,,,,,,,,,,,,,,,,,,,,,,,,,,,,,,,,,,,,,,,,,,,,,,,,,,,,,,,,"{'log_mode': 'IMMUTABLE', '_latest_artifact_path': 'wandb-client-artifact://zybjyo5x0ik55lvgw1kec8a8bz7tr4bayvpf6ar2cko0t4414loiic0e071itihz9kp5q0cs9l9iyqvfvlayvu2hnychxhvmguxkxczcbzhzhr57fcq8mg35mv75m1bc:latest/fold4/confusion_matrix.table.json', 'nrows': 11, 'artifact_path': 'wandb-client-artifact://1k8gnr4oz2maa88rhi292rmdx1nyjwqxqugs4fygtuzsp85h420eq23oefy08vnvoumqbatr2yz9ebcy31nxxsuqho2wz88bcvhkmcxxmkipkkckz2cyf23ufm4vewfz/fold4/confusion_matrix.table.json', 'path': 'media/table/fold4/confusion_matrix_48_958091f6671579d6416d.table.json', 'sha256': '958091f6671579d6416d2c52a92e7cb83572f2010d6303cb7782c2328b7c74e6', 'size': 558, '_type': 'table-file', 'ncols': 12}",,,,,,,,,,,,,,,,,,,,,,,,,,,,,,,5837.250331781,,,
,,,,,,,,,,,,,,,,,,,,,,,,,,,,1770732051.9840767,,,,,,,,,,,,,,,,,,,,,,,,,,,,,,,,,,,,49,,,,,,,,,,,,,,,,,,,,,,,,,,,,,0.9999076195403148,,,,,,,,,,,,,,,,,,,,,,,,,,,,,,,,,,,,,,,0.9999815225424982,,,,,,,,,,,,,,,,,,,,,,,,,,,,,,,,,,0.9999445696759174,,,,5837.251663741,,,
,,,,,,,,,,,,,,,,,,,,,,,,,,,,1770732051.984391,,,,,,,,,,,,,,,,,,,,,,,,,,,,,0.9964664310954063,,,,,,,50,,,,,,,,,,,,,,,,,,,,,,,,,,,,,,,,,,,,,,,,,,,,,,,,,,,,,,,,,,,0.9929577464788732,,,,,,,,,,,,,1,,,,,,,,,,,,,,,,,,,,,,,,,,,,,,,,,,5837.25193164,,,
,,,,,,,,,,,,,,,,,,,,,,,,,,,,1770732051.984646,,,,,,1,,,,,,,,,,,,,,,,,,,,,,,,,,0.9968051118210862,,,,51,,,,,,,,,,,,,,,,,,0.9936305732484076,,,,,,,,,,,,,,,,,,,,,,,,,,,,,,,,,,,,,,,,,,,,,,,,,,,,,,,,,,,,,,,,,,,,,,,,,,,,,,,,,,,,,,,,5837.252181001,,,
,,,,,,,,,,,,,,,,,,,,,,,,,,,,1770732051.9849777,,,,,,,,,,,,,,,,,,,,,,,,0.9779411764705882,,,,,,,,,,,,52,,,,,,,,,,,,,,,,,1,,,,,,,,,,,,,,,,,,,,,,,,,,,,,,,,0.9888475836431226,,,,,,,,,,,,,,,,,,,,,,,,,,,,,,,,,,,,,,,,,,,,,,,,,,,,,,,,,5837.252641434,,,
,,,,,,,,,,,,,,,,,,,,,,0.9937888198757764,,,,,,1770732051.9853928,,,,,,,,,,,,,,,,,,,,,,,,,,,,,,,,,,,,53,,,,,,,,,,,,,,,,,,,,,,,,,,,,,,,,,,,,,,,,,,0.9876543209876543,,,,,,,,,,,,,,,,,,,,,,,,,,,,,,,,,,,,,,,,,0.9907120743034056,,,,,,,,,,,,,,,,,,,,,,,5837.253030076,,,
,,,,,,,,,,,,,,,,,,,,,,,,,,1,,1770732051.9857945,,,,,,,,,,,,,,,,,,,,,,,,,,,,0.9935483870967742,,,,,,,,54,,,,,0.9871794871794872,,,,,,,,,,,,,,,,,,,,,,,,,,,,,,,,,,,,,,,,,,,,,,,,,,,,,,,,,,,,,,,,,,,,,,,,,,,,,,,,,,,,,,,,,,,,,,,,,,,,,5837.253393414,,,
,,,,,,,,,,,,,,,,,,,,,,,,,,,,1770732051.9861486,,,,,,,,,,,1,,,,,,,,,,,,0.9900990099009901,,,,,,,,,,,,,55,,,,,,,,,,,,,,,,,,,,,,,,,,,,,,,,,,,,,,,,,0.9803921568627451,,,,,,,,,,,,,,,,,,,,,,,,,,,,,,,,,,,,,,,,,,,,,,,,,,,,,,,,,,,,,,,,,5837.253711016,,,
,,,,,,,,,,,,,,,,,,,,,,,,,,,,1770732051.9864686,,,,,,,,,,,,,,,,,,,,,,,,,,,,,,,,,,,,56,,,,,,,,,,,,0.9928571428571429,,,,,,,,,,0.9928571428571429,,,,,,,,,,,,,,,,,,,,,,,,,,,,,,,,,,,,,,,,,,,,,,,,,,,,,,,,,,,,,,,,,,,,,,,,,,,,,,,,,,,,5837.254033041,0.9928571428571429,,
,,,,,,,,,,,,,,,,,,,,,,,,,,,,1770732051.9867952,,,,,,,,,,,,,,,,,,,,,,,,,,,,,,1,,,,,,57,,,,,,,,,,,,,,,,,,,,,,,,,,,,,,,,,,,,,,,,,,,,,,,,,,,,,,,,,,,,,,,,,,,,,,,,,,,,,,,,,,,,1,,,1,,,,,,,,,,,,,,,,,,,5837.254344902,,,
,,,,,,,,,,,,,,,,,,,,,,,,,,,,1770732051.987131,,,,,,,,,,,,1,,,,,,,,,,,,,,,,,,,,,,,,58,,,,,,,,,,,,,,,,,,,,,,,,,,,,,,,,,,,,,,,,,,,,,,,,1,,,,,,,,,,,,,,,,,,,,,,,,,,,,,,,,,,,,,,,,,,,,,,,,,,,,,,,,1,,5837.254711249,,,
,,,,,,,,,,,,,,,,,,,,,,,,,,,,1770732051.9874697,,,,,,,,,,,,,,,,,,,,,,,,,,,,,,,,,,,,59,,,,,,,,,,,,,,,,,,,,,,,,,,,,,,,,,,,,,,,,,,,,,0.9925611052072264,0.9936170212765958,,,,,,,,,,,,,,,,,,,,,,,,,,,,,,,,,,,,,,,,,,,,,,,,,,,,,,,,,,,,5837.255042389,,0.9915074309978769,
,,,,,,,,,,,,,,,,,,,,,,,,,,,,1770732052.4548047,,,,,,,,,,,,,,,,,,,,,,,,,,,,,,,,,,,,60,,,,,,,,,,,,,,,,,,,,,,,,,,,,,,,,,,,,,,,,,,,,,,,,,,,,,,,,,,,,,,,,,,"{'path': 'media/table/cv5/fold_metrics_60_4a4820b44aac81baf6a4.table.json', 'sha256': '4a4820b44aac81baf6a4ac1c9f59c05bec86b985a8a7bacba7943fc7bf590f8d', 'log_mode': 'IMMUTABLE', '_type': 'table-file', 'ncols': 9, 'size': 798, 'artifact_path': 'wandb-client-artifact://6rosn6o8bkgb22njuxqsz4c7m0jun0txrty5bx0j7xlf218xruz5n0rhmdi4wecrs8lcdj8ohiidrcpmb0id6o30wvmn7bcmu4xizlbszjgd5zaw5e5ke6ek2hpxhrcd/cv5/fold_metrics.table.json', '_latest_artifact_path': 'wandb-client-artifact://7woukb75dhkvfrdhcjckcuq2gzd5qyw0xyu91y9csmsedbje7e56rf9072e0f3on54wc7tna6emrtgbio90f63oy1ieci10fmlex5rkqxn2yhykpjqj0g3nxn3ap6431:latest/cv5/fold_metrics.table.json', 'nrows': 5}",,,,,,,,,,,,,,,,,,,,,,,,,,,,,,,,,,,,,,,,5837.722495162,,,
