fold3/class_6/recall,fold0/class_1/recall,fold2/class_1/f1-score,fold2/class_0/recall,fold3/class_0/f1-score,fold0/class_1/f1-score,fold3/class_8/precision,fold0/confusion_matrix,fold0/class_3/f1-score,fold4/class_4/precision,fold0/class_2/f1-score,fold1/class_4/f1-score,fold4/class_0/precision,fold0/class_10/precision,fold2/class_5/recall,fold0/class_0/f1-score,fold4/class_2/precision,fold0/class_1/precision,fold2/class_7/precision,fold3/class_4/precision,fold2/class_10/f1-score,fold3/class_5/f1-score,fold3/class_4/recall,fold0/class_9/recall,fold2/class_4/recall,fold2/class_6/precision,fold1/class_2/precision,fold2/class_7/f1-score,fold0/class_3/recall,fold3/class_2/precision,fold0/class_6/precision,fold1/class_7/precision,fold3/class_6/precision,fold2/class_3/precision,fold1/class_6/recall,fold3/class_7/recall,fold1/class_3/recall,fold2/class_9/precision,fold3/class_2/recall,fold3/class_9/f1-score,fold3/class_7/precision,fold3/class_0/recall,fold1/class_2/recall,fold3/class_8/f1-score,fold0/class_5/recall,fold2/class_4/precision,fold4/class_1/recall,fold1/class_4/recall,fold4/class_3/f1-score,fold1/class_7/f1-score,fold1/class_1/f1-score,fold3/class_7/f1-score,fold0/class_4/f1-score,fold3/class_9/recall,fold2/class_5/precision,fold4/class_9/precision,fold1/class_0/recall,fold3/class_10/recall,_runtime,fold3/class_5/precision,fold4/class_0/f1-score,fold1/confusion_matrix,_step,fold0/class_7/f1-score,fold2/confusion_matrix,fold0/class_7/precision,fold4/class_8/recall,fold4/class_1/precision,fold4/class_5/precision,fold0/class_3/precision,fold4/class_7/f1-score,fold4/class_6/precision,fold1/class_1/recall,fold2/class_7/recall,fold0/class_4/precision,fold1/class_6/f1-score,fold4/class_6/f1-score,fold4/class_9/f1-score,fold3/class_0/precision,fold1/class_9/f1-score,fold2/class_5/f1-score,fold2/class_9/recall,fold1/class_0/precision,fold4/class_2/recall,fold3/class_9/precision,fold1/class_3/f1-score,fold1/class_9/recall,fold3/class_4/f1-score,fold3/class_1/precision,_timestamp,fold2/class_6/recall,fold3/class_1/f1-score,fold4/class_1/f1-score,fold4/class_3/precision,fold0/class_7/recall,fold2/class_2/f1-score,fold4/class_10/precision,fold0/class_6/f1-score,fold4/class_4/f1-score,fold4/class_8/f1-score,fold3/class_2/f1-score,fold2/class_9/f1-score,fold2/class_4/f1-score,fold4/class_10/f1-score,fold3/class_3/recall,fold1/class_6/precision,fold2/class_3/recall,fold3/class_1/recall,fold3/class_10/f1-score,fold1/class_5/recall,fold2/class_2/recall,fold0/class_8/f1-score,fold2/class_10/precision,fold2/class_1/recall,fold4/class_6/recall,fold2/class_0/precision,fold0/class_10/f1-score,fold3/class_3/precision,fold3/class_5/recall,fold4/class_3/recall,fold1/class_3/precision,fold3/class_8/recall,fold2/class_6/f1-score,fold3/confusion_matrix,fold0/class_4/recall,fold2/class_0/f1-score,fold4/class_2/f1-score,cv5/fold_metrics,fold4/class_9/recall,fold1/class_7/recall,fold4/class_5/f1-score,fold2/class_8/f1-score,fold4/class_0/recall,fold0/class_6/recall,fold1/class_4/precision,fold2/class_8/precision,fold1/class_8/recall,fold1/class_8/precision,fold2/class_2/precision,fold1/class_0/f1-score,fold1/class_10/precision,fold0/class_0/precision,fold1/class_5/precision,fold1/class_1/precision,fold4/class_7/precision,fold4/class_7/recall,fold1/class_10/f1-score,fold0/class_9/precision,fold0/class_0/recall,fold2/class_8/recall,fold2/class_10/recall,fold0/class_9/f1-score,fold4/class_5/recall,fold0/class_5/f1-score,fold3/class_10/precision,fold4/confusion_matrix,fold1/class_5/f1-score,fold0/class_10/recall,fold4/class_4/recall,fold1/class_9/precision,fold0/class_5/precision,fold2/class_1/precision,fold1/class_10/recall,fold1/class_8/f1-score,fold0/class_2/precision,fold0/class_8/recall,fold0/class_8/precision,fold1/class_2/f1-score,fold4/class_8/precision,fold4/class_10/recall,fold3/class_3/f1-score,fold0/class_2/recall,fold2/class_3/f1-score,fold3/class_6/f1-score
,,,,,,,"{'_type': 'table-file', 'log_mode': 'IMMUTABLE', 'artifact_path': 'wandb-client-artifact://sqzr2sb6pmf0jwbljrif4un8k5olrhqiqmvfodlzita42j336dbvdoyy3kg6yjw86fp7kvk2ywbiajatq5wh6k4zu66mh0nxf5fu48vxve7qnen8wwn8bva67a9bcj5m/fold0/confusion_matrix.table.json', 'size': 564, 'nrows': 11, 'ncols': 12, '_latest_artifact_path': 'wandb-client-artifact://ohztmbrhgy2otzpvblicix8xa9vq1lt83mcfvxmvoewvayumeolrg4g7e6u5xu9tmfw83fj77kzh74p4yolykfjoxi49vl4oyqcfmtomiz7zvy9aoart62wpwufq1g1i:latest/fold0/confusion_matrix.table.json', 'path': 'media/table/fold0/confusion_matrix_0_4b7f08469955ca2cc139.table.json', 'sha256': '4b7f08469955ca2cc1393de64ae84a3f9593e73a2504155866dd562c75d86a0c'}",,,,,,,,,,,,,,,,,,,,,,,,,,,,,,,,,,,,,,,,,,,,,,,,,,,6907.741200816,,,,0,,,,,,,,,,,,,,,,,,,,,,,,,,,1770930655.2472343,,,,,,,,,,,,,,,,,,,,,,,,,,,,,,,,,,,,,,,,,,,,,,,,,,,,,,,,,,,,,,,,,,,,,,,,,,,,,,,,,,,,
,,,,,,,,,,,,,,,0.9984139771411309,,,,,,,,,,,,,,,,,,,,,,,,,,,,,,,,,,,,,,,,,,,6907.742645244,,,,1,,,,,,,,,,,,,,,,,,,,,,,,,,,1770930655.2488227,,,,,,,,,,,,,,,,,,,,,,,,,,,,,,,,,,,,,,,,,,,,,,,,,,,,0.9981124477777219,,,,,,,0.9987156887433896,,,,,,,,,,,,,,,,,,,,,,,,,
,0.9872340425531915,,,,0.9886363636363636,,,,,,,,,,,,0.9900426742532006,,,,,,,,,,,,,,,,,,,,,,,,,,,,,,,,,,,,,,,,,6907.743014404,,,,2,,,,,,,,,,,,,,,,,,,,,,,,,,,1770930655.2493007,,,,,,,,,,,,,,,,,,,,,,,,,,,,,,,,,,,,,,,,,,,,,,,,,,,,,,,,,,,,,,,,,,,,,,,,,,,,,,,,,,,,
,,,,,,,,,,0.9876390605686032,,,,,,,,,,,,,,,,,,,,,,,,,,,,,,,,,,,,,,,,,,,,,,,,6907.743273534,,,,3,,,,,,,,,,,,,,,,,,,,,,,,,,,1770930655.2496119,,,,,,,,,,,,,,,,,,,,,,,,,,,,,,,,,,,,,,,,,,,,,,,,,,,,,,,,,,,,,,,,,,,,,,,,,,,0.9888613861386139,,,,,,,0.9864197530864197,,
,,,,,,,,0.992797118847539,,,,,,,,,,,,,,,,,,,,0.9904191616766467,,,,,,,,,,,,,,,,,,,,,,,,,,,,,,6907.743726753,,,,4,,,,,,,0.9951865222623345,,,,,,,,,,,,,,,,,,,,1770930655.2498946,,,,,,,,,,,,,,,,,,,,,,,,,,,,,,,,,,,,,,,,,,,,,,,,,,,,,,,,,,,,,,,,,,,,,,,,,,,,,,,,,,,,
,,,,,,,,,,,,,,,,,,,,,,,,,,,,,,,,,,,,,,,,,,,,,,,,,,,,0.9832669322709163,,,,,,6907.743928608,,,,5,,,,,,,,,,,,0.9872,,,,,,,,,,,,,,,1770930655.2503252,,,,,,,,,,,,,,,,,,,,,,,,,,,,,,,,,,,0.9793650793650793,,,,,,,,,,,,,,,,,,,,,,,,,,,,,,,,,,,,,,,,,,,,,,,,,
,,,,,,,,,,,,,,,,,,,,,,,,,,,,,,,,,,,,,,,,,,,,0.9860759493670886,,,,,,,,,,,,,,6907.744041374,,,,6,,,,,,,,,,,,,,,,,,,,,,,,,,,1770930655.2504766,,,,,,,,,,,,,,,,,,,,,,,,,,,,,,,,,,,,,,,,,,,,,,,,,,,,,,,,,,,,,,,,0.9804908747640025,,,,,,,0.9749687108886108,,,,,,,,,,,,,
,,,,,,,,,,,,,,,,,,,,,,,,,,,,,,0.9841688654353562,,,,,,,,,,,,,,,,,,,,,,,,,,,,6907.744186786,,,,7,,,,,,,,,,,,,,,,,,,,,,,,,,,1770930655.2506118,,,,,,,,0.9861202908129544,,,,,,,,,,,,,,,,,,,,,,,,,,,,,,,,,,,,0.9880794701986755,,,,,,,,,,,,,,,,,,,,,,,,,,,,,,,,,,,,,,,,
,,,,,,,,,,,,,,,,,,,,,,,,,,,,,,,,,,,,,,,,,,,,,,,,,,,,,,,,,,6907.744308039,,,,8,0.9920347574221579,,0.9913169319826338,,,,,,,,,,,,,,,,,,,,,,,,1770930655.2507439,,,,,0.9927536231884058,,,,,,,,,,,,,,,,,,,,,,,,,,,,,,,,,,,,,,,,,,,,,,,,,,,,,,,,,,,,,,,,,,,,,,,,,,,,,,,
,,,,,,,,,,,,,,,,,,,,,,,,,,,,,,,,,,,,,,,,,,,,,,,,,,,,,,,,,,6907.744436307,,,,9,,,,,,,,,,,,,,,,,,,,,,,,,,,1770930655.2508726,,,,,,,,,,,,,,,,,,,,,,0.9932483120780196,,,,,,,,,,,,,,,,,,,,,,,,,,,,,,,,,,,,,,,,,,,,,,,,,,,,,,0.9954887218045113,0.9910179640718563,,,,,,,
,,,,,,,,,,,,,,,,,,,,,,,0.9974842767295597,,,,,,,,,,,,,,,,,,,,,,,,,,,,,,,,,,,6907.744563141,,,,10,,,,,,,,,,,,,,,,,,,,,,,,,,,1770930655.251004,,,,,,,,,,,,,,,,,,,,,,,,,,,,,,,,,,,,,,,,,,,,,,,,,,,,,,,,,,0.9987405541561712,,,,0.9981120201384519,,,,,,,,,,,,,,,,,,,,,,
,,,,,,,,,,,,,0.9982788296041308,,,,,,,,,,,,,,,,,,,,,,,,,,,,,,,,,,,,,,,,,,,,,6907.744691148,,,,11,,,,,,,,,,,,,,,,,,,,,,,,,,,1770930655.2511337,,,,,,,,,,,,,,,,,,,,,,,,,,,0.9927257167308515,,,,,,,,,,,,,,,,,,,,,,,,,,,,,,,,,,,,,,,,,0.9872340425531915,,,,,,,,,,,,,,,,
,,,,,,,,,,,,,,,,,,,,,,,,,,,,,,,,,,,,,,,,,,,,,,,,,,,,,,,,,,7401.737703572,,,"{'ncols': 12, 'path': 'media/table/fold1/confusion_matrix_12_47b086750ddf18497bbc.table.json', '_latest_artifact_path': 'wandb-client-artifact://8zr81pmv8wtkd4iq864kifcvq8umd7e0b3gslc1ebyxz1mamov9zxbf4ow3a76eglrjm5p4et7wy5ol1pndfbzxn8rlbwzwm3mjyqm7v0t7fbu44f01jesob5mvjvpfz:latest/fold1/confusion_matrix.table.json', 'sha256': '47b086750ddf18497bbc0a7918f6cf05bccfc23f06205d3f6973c774cb996344', '_type': 'table-file', 'size': 564, 'nrows': 11, 'log_mode': 'IMMUTABLE', 'artifact_path': 'wandb-client-artifact://05jz3xs9uwayqvmeheg80z522o7u752n7ye4bbb9hvvcpmmle3w425itnwlypzq1dxkcjo7hfkoopbevd7j5tsii0zss1yvrkwttlmzulpwuqmkwq847y2t1wv16nz9r/fold1/confusion_matrix.table.json'}",12,,,,,,,,,,,,,,,,,,,,,,,,,,,1770931149.243904,,,,,,,,,,,,,,,,,,,,,,,,,,,,,,,,,,,,,,,,,,,,,,,,,,,,,,,,,,,,,,,,,,,,,,,,,,,,,,,,,,,,
,,,,,,,,,,,,,,,,,,,,,,,,,,,,,,,,,,,,,,,,,,,,,,,,,,,,,,,,0.9985645933014354,,7401.739362179,,,,13,,,,,,,,,,,,,,,,,,,,0.9976601419010718,,,,,,,1770931149.2455506,,,,,,,,,,,,,,,,,,,,,,,,,,,,,,,,,,,,,,,,,,,,,,,,,,0.9981121627064036,,,,,,,,,,,,,,,,,,,,,,,,,,,,,,,,,,
,,,,,,,,,,,,,,,,,,,,,,,,,,,,,,,,,,,,,,,,,,,,,,,,,,0.9922756981580511,,,,,,,,7401.739590698,,,,14,,,,,,,,,,0.9940476190476191,,,,,,,,,,,,,,,,,1770931149.2458918,,,,,,,,,,,,,,,,,,,,,,,,,,,,,,,,,,,,,,,,,,,,,,,,,,,,,,0.9905100830367735,,,,,,,,,,,,,,,,,,,,,,,,,,,,,,
,,,,,,,,,,,,,,,,,,,,,,,,,,0.9833564493758669,,,,,,,,,,,,,,,,0.9916083916083916,,,,,,,,,,,,,,,,7401.739775528,,,,15,,,,,,,,,,,,,,,,,,,,,,,,,,,1770931149.2461483,,,,,,,,,,,,,,,,,,,,,,,,,,,,,,,,,,,,,,,,,,,,,,,,,,,,,,,,,,,,,,,,,,,,,,,,,,,,,,0.9874651810584958,,,,,,
,,,,,,,,,,,,,,,,,,,,,,,,,,,,,,,,,,,,0.9849056603773585,,,,,,,,,,,,,,,,,,,,,,7401.739992273,,,,16,,,,,,,,,,,,,,,,,,,,,,,0.98801261829653,,,,1770931149.2463558,,,,,,,,,,,,,,,,,,,,,,,,,,,,,,,0.9911392405063291,,,,,,,,,,,,,,,,,,,,,,,,,,,,,,,,,,,,,,,,,,,,,,,,,,,,,
,,,,,,,,,,,0.9840459476707084,,,,,,,,,,,,,,,,,,,,,,,,,,,,,,,,,,,,0.9884615384615385,,,,,,,,,,,7401.740114999,,,,17,,,,,,,,,,,,,,,,,,,,,,,,,,,1770931149.2465312,,,,,,,,,,,,,,,,,,,,,,,,,,,,,,,,,,,,,,,,,,,,,0.9796696315120712,,,,,,,,,,,,,,,,,,,,,,,,,,,,,,,,,,,,,,,
,,,,,,,,,,,,,,,,,,,,,,,,,,,,,,,,,,,,,,,,,,,,,,,,,,,,,,,,,,7401.74025495,,,,18,,,,,,,,,,,,,,,,,,,,,,,,,,,1770931149.246684,,,,,,,,,,,,,,,,,,,,0.9329113924050633,,,,,,,,,,,,,,,,,,,,,,,,,,,,,,,,,0.9892617449664429,,,,,,,,,,,,,,0.9602605863192183,,,,,,,,,,,,,,,,,
,,,,,,,,,,,,,,,,,,,,,,,,,,,,,,,,,,0.9885245901639345,,,,,,,,,,,,,,,,,,,,,,,,7401.740414841,,,,19,,,,,,,,,,,,,0.9796913078797725,,,,,,,,,,,,,,1770931149.2468357,,,,,,,,,,,,,,,,0.9710144927536232,,,,,,,,,,,,,,,,,,,,,,,,,,,,,,,,,,,,,,,,,,,,,,,,,,,,,,,,,,,,,,,,,,,,
,,,,,,,,,,,,,,,,,,,,,,,,,,,,,,,0.9986072423398329,,,,,,,,,,,,,,,,,,0.9972183588317107,,,,,,,,,7401.740589451,,,,20,,,,,,,,,,,,,,,,,,,,,,,,,,,1770931149.2470055,,,,,,,,,,,,,,,,,,,,,,,,,,,,,,,,,,,,,,,,0.9958333333333333,,,,,,,,,,,,,,,,,,,,,,,,,,,,,,,,,,,,,,,,,,,,
,,,,,,,,,,,,,,,,,,,,,,,,,,,,,,,,,,,,,,,,,,,,,,,,,,,,,,,,,,7401.740726176,,,,21,,,,,,,,,,,,,,,,,,,,,,,,,,,1770931149.2471616,,,,,,,,,,,,,,,,,,,,,,,,,,,,,,,,,,,,,,,,,,,,,,,0.9911949685534591,1,,,,,,,,,,,,,,,,,,,,,,,,,,0.9955780164245104,,,,,,,,,,
,,,,,,,,,,,,,,,,,,,,,,,,,,,,,,,,,,,,,,,,,,,,,,,,,,,,,,,,,,7401.740865194,,,,22,,,,,,,,,,,,,,,,,0.9947437582128777,,,,,,,0.9960526315789474,,,1770931149.2472966,,,,,,,,,,,,,,,,,,,,,,,,,,,,,,,,,,,,,,,,,,,,,,,,,,,,,,,,,,,,,,,,,,,,,,0.9934383202099738,,,,,,,,,,,,,,
,,,,,,,,,,,,,,,,,,,,,,,,,,,,,,,,,,,,,,,,,,,,,,,,,,,,,,,,,,7401.740991548,,,,23,,,,,,,,,,,,,,,,,,,,,,,,,,,1770931149.2474284,,,,,,,,,,,,,,,,,,,,,,,,,,,,,,,,,,,,,,,,,,,,,,,,,,,0.998193315266486,,,,,,0.9968425800631484,,,,,,,,,,,,,,,,0.9954954954954955,,,,,,,,,,,
,,,,,,,,,,,,,,,,,,,,,,,,,,,,,,,,,,,,,,,,,,,,,,,,,,,,,,,,,,7914.341129256,,,,24,,"{'nrows': 11, 'log_mode': 'IMMUTABLE', '_latest_artifact_path': 'wandb-client-artifact://dff3bc25dosyxvtnfxzstuiohtnwm5la187tapoumhigih3ygs36t5i486cf2nwr2lku0lbcnoxxtic6hfbghr6f7lx1texy1a28fllzjlk0wq6agwh5t9wjw197bprh:latest/fold2/confusion_matrix.table.json', 'size': 562, 'ncols': 12, 'path': 'media/table/fold2/confusion_matrix_24_1eb82998c509d3923f84.table.json', '_type': 'table-file', 'sha256': '1eb82998c509d3923f845e700e5840a10efbaf8c3ff02494d8659983291190fd', 'artifact_path': 'wandb-client-artifact://h8nzohcz7rl3u8v3z1thup1qgr9w5t0529zxzmwbzkibwis6h86aspuza9b7l7evw5vftigckkdwb875gm4xr84uofrnqzgs08h6ok8skwznfm57ilmlkdz7wd0tyzqj/fold2/confusion_matrix.table.json'}",,,,,,,,,,,,,,,,,,,,,,,,,1770931661.847238,,,,,,,,,,,,,,,,,,,,,,,,,,,,,,,,,,,,,,,,,,,,,,,,,,,,,,,,,,,,,,,,,,,,,,,,,,,,,,,,,,,,
,,,0.9994204797419876,,,,,,,,,,,,,,,,,,,,,,,,,,,,,,,,,,,,,,,,,,,,,,,,,,,,,,,7914.342309524,,,,25,,,,,,,,,,,,,,,,,,,,,,,,,,,1770931661.8485918,,,,,,,,,,,,,,,,,,,,,,,,,,0.9980625031452871,,,,,,,,,,0.9987410298375928,,,,,,,,,,,,,,,,,,,,,,,,,,,,,,,,,,,,,,,,,,,,,,,,
,,0.991174473862865,,,,,,,,,,,,,,,,,,,,,,,,,,,,,,,,,,,,,,,,,,,,,,,,,,,,,,,,7914.342495016,,,,26,,,,,,,,,,,,,,,,,,,,,,,,,,,1770931661.8488307,,,,,,,,,,,,,,,,,,,,,,,,0.9864864864864865,,,,,,,,,,,,,,,,,,,,,,,,,,,,,,,,,,,,,,,,,,,,,,,,0.9959072305593452,,,,,,,,,,,,
,,,,,,,,,,,,,,,,,,,,,,,,,,,,,,,,,,,,,,,,,,,,,,,,,,,,,,,,,,7914.342624385,,,,27,,,,,,,,,,,,,,,,,,,,,,,,,,,1770931661.8490083,,,,,,0.9864951768488746,,,,,,,,,,,,,,,0.9833333333333333,,,,,,,,,,,,,,,,,,,,,,,,,,,,0.9896774193548387,,,,,,,,,,,,,,,,,,,,,,,,,,,,,,,,,,,
,,,,,,,,,,,,,,,,,,,,,,,,,,,,,,,,,0.99375,,,,,,,,,,,,,,,,,,,,,,,,,7914.342787723,,,,28,,,,,,,,,,,,,,,,,,,,,,,,,,,1770931661.8491642,,,,,,,,,,,,,,,,,0.99375,,,,,,,,,,,,,,,,,,,,,,,,,,,,,,,,,,,,,,,,,,,,,,,,,,,,,,,,,,,,,,,,,,0.99375,
,,,,,,,,,,,,,,,,,,,,,,,,0.9860759493670886,,,,,,,,,,,,,,,,,,,,,0.9898348157560356,,,,,,,,,,,,,7914.342892704,,,,29,,,,,,,,,,,,,,,,,,,,,,,,,,,1770931661.8493094,,,,,,,,,,,,,0.9879518072289156,,,,,,,,,,,,,,,,,,,,,,,,,,,,,,,,,,,,,,,,,,,,,,,,,,,,,,,,,,,,,,,,,,,,,,,
,,,,,,,,,,,,,,0.9691275167785235,,,,,,,,,,,,,,,,,,,,,,,,,,,,,,,,,,,,,,,,1,,,,7914.343009628,,,,30,,,,,,,,,,,,,,,,,,0.9843217450579413,,,,,,,,,1770931661.8494406,,,,,,,,,,,,,,,,,,,,,,,,,,,,,,,,,,,,,,,,,,,,,,,,,,,,,,,,,,,,,,,,,,,,,,,,,,,,,,,,,,,,
,,,,,,,,,,,,,,,,,,,,,,,,,0.9911167512690355,,,,,,,,,,,,,,,,,,,,,,,,,,,,,,,,,7914.343137174,,,,31,,,,,,,,,,,,,,,,,,,,,,,,,,,1770931661.8495657,0.9886075949367089,,,,,,,,,,,,,,,,,,,,,,,,,,,,,,,,0.9898605830164765,,,,,,,,,,,,,,,,,,,,,,,,,,,,,,,,,,,,,,,,,,,,,,,,,,,
,,,,,,,,,,,,,,,,,,0.9971181556195965,,,,,,,,,0.9928263988522238,,,,,,,,,,,,,,,,,,,,,,,,,,,,,,,7914.343235772,,,,32,,,,,,,,,,,0.9885714285714285,,,,,,,,,,,,,,,,1770931661.8496866,,,,,,,,,,,,,,,,,,,,,,,,,,,,,,,,,,,,,,,,,,,,,,,,,,,,,,,,,,,,,,,,,,,,,,,,,,,,,,,,,,,,
,,,,,,,,,,,,,,,,,,,,,,,,,,,,,,,,,,,,,,,,,,,,,,,,,,,,,,,,,,7914.343370001,,,,33,,,,,,,,,,,,,,,,,,,,,,,,,,,1770931661.849804,,,,,,,,,,,,,,,,,,,,,,,,,,,,,,,,,,,,,,,,,,0.9940357852882704,,,,0.9946949602122016,,,,,,,,,,,,,,0.9933774834437086,,,,,,,,,,,,,,,,,,,,,,,,
,,,,,,,,,,,,,,,,,,,,,,,,,,,,,,,,,,,,,1,,,,,,,,,,,,,,,,,,,,,7914.343476324,,,,34,,,,,,,,,,,,,,,,,,,0.9855072463768116,,,,,,,,1770931661.8499172,,,,,,,,,,,,0.9927007299270073,,,,,,,,,,,,,,,,,,,,,,,,,,,,,,,,,,,,,,,,,,,,,,,,,,,,,,,,,,,,,,,,,,,,,,,,
,,,,,,,,,,,,,,,,,,,,0.9975352901635671,,,,,,,,,,,,,,,,,,,,,,,,,,,,,,,,,,,,,,7914.343593179,,,,35,,,,,,,,,,,,,,,,,,,,,,,,,,,1770931661.8500416,,,,,,,,,,,,,,,,,,,,,,,0.9968652037617555,,,,,,,,,,,,,,,,,,,,,,,,,,,,,,,,,,,,,,0.9982062780269059,,,,,,,,,,,,,,,,,,,,,,,
,,,,,,,,,,,,,,,,,,,,,,,,,,,,,,,,,,,,,,,,,,,,,,,,,,,,,,,,,,8418.565070381,,,,36,,,,,,,,,,,,,,,,,,,,,,,,,,,1770932166.0710585,,,,,,,,,,,,,,,,,,,,,,,,,,,,,,,,,,"{'nrows': 11, 'path': 'media/table/fold3/confusion_matrix_36_162eea16ffa53ede25bd.table.json', 'sha256': '162eea16ffa53ede25bd5ed28448d04f04ed03b7224bdc734c9bb1be22053e92', 'size': 560, '_type': 'table-file', 'log_mode': 'IMMUTABLE', '_latest_artifact_path': 'wandb-client-artifact://nqki1x12qnzzcyvqhn1ijpziyt9brg1qc1wp4y14u3yacqdxrkv0x0uz4em41qpggdre7juj4nshm35mjl2ny12fsthlde58bri449mcshcvzq8a9ueih0ppvmyxq8wa:latest/fold3/confusion_matrix.table.json', 'artifact_path': 'wandb-client-artifact://23bdnn8mowy88lhlwe1eipj6o6fpws86y164jjt4v3l9u1kvrfw3p9z06paen2l5wolz9ppvozy3c2oqdqb6b7zmjfpzkjub57nt4g3q87qhb0fuj5zdd7zho83buot0/fold3/confusion_matrix.table.json', 'ncols': 12}",,,,,,,,,,,,,,,,,,,,,,,,,,,,,,,,,,,,,,,,,,,,,,,,,,
,,,,0.9990046491703309,,,,,,,,,,,,,,,,,,,,,,,,,,,,,,,,,,,,,0.9989165490828462,,,,,,,,,,,,,,,,,8418.57664338,,,,37,,,,,,,,,,,,,,,,0.9990927647992742,,,,,,,,,,,1770932166.082946,,,,,,,,,,,,,,,,,,,,,,,,,,,,,,,,,,,,,,,,,,,,,,,,,,,,,,,,,,,,,,,,,,,,,,,,,,,,,,,,,,,,
,,,,,,,,,,,,,,,,,,,,,,,,,,,,,,,,,,,,,,,,,,,,,,,,,,,,,,,,,,8418.576791386,,,,38,,,,,,,,,,,,,,,,,,,,,,,,,,0.9962073324905183,1770932166.0831964,,0.9968374446552815,,,,,,,,,,,,,,,,0.9974683544303797,,,,,,,,,,,,,,,,,,,,,,,,,,,,,,,,,,,,,,,,,,,,,,,,,,,,,,,,,,,,,,,,,,
,,,,,,,,,,,,,,,,,,,,,,,,,,,,,0.9852150537634409,,,,,,,,,0.9972789115646259,,,,,,,,,,,,,,,,,,,,8418.576998542,,,,39,,,,,,,,,,,,,,,,,,,,,,,,,,,1770932166.0833771,,,,,,,,,,,0.991210277214334,,,,,,,,,,,,,,,,,,,,,,,,,,,,,,,,,,,,,,,,,,,,,,,,,,,,,,,,,,,,,,,,,,,,,,,,,
,,,,,,,,,,,,,,,,,,,,,,,,,,,,,,,,,,,,,,,,,,,,,,,,,,,,,,,,,,8418.577148503,,,,40,,,,,,,,,,,,,,,,,,,,,,,,,,,1770932166.083558,,,,,,,,,,,,,,,0.9875,,,,,,,,,,,,,0.9985955056179775,,,,,,,,,,,,,,,,,,,,,,,,,,,,,,,,,,,,,,,,,,,,,,,,,,,,,0.9930167597765364,,,
,,,,,,,,,,,,,,,,,,,0.9730392156862745,,,0.9925,,,,,,,,,,,,,,,,,,,,,,,,,,,,,,,,,,,,8418.57726667,,,,41,,,,,,,,,,,,,,,,,,,,,,,,,0.9826732673267327,,1770932166.0837033,,,,,,,,,,,,,,,,,,,,,,,,,,,,,,,,,,,,,,,,,,,,,,,,,,,,,,,,,,,,,,,,,,,,,,,,,,,,,,,,,,,,
,,,,,,,,,,,,,,,,,,,,,0.9923469387755102,,,,,,,,,,,,,,,,,,,,,,,,,,,,,,,,,,,,,8418.577487312,0.9936143039591315,,,42,,,,,,,,,,,,,,,,,,,,,,,,,,,1770932166.0838413,,,,,,,,,,,,,,,,,,,,,,,,,,,,,0.9910828025477707,,,,,,,,,,,,,,,,,,,,,,,,,,,,,,,,,,,,,,,,,,,,,,,,,,,,,,,
0.9962264150943396,,,,,,,,,,,,,,,,,,,,,,,,,,,,,,,,0.9987389659520807,,,,,,,,,,,,,,,,,,,,,,,,,,8418.57756602,,,,43,,,,,,,,,,,,,,,,,,,,,,,,,,,1770932166.084,,,,,,,,,,,,,,,,,,,,,,,,,,,,,,,,,,,,,,,,,,,,,,,,,,,,,,,,,,,,,,,,,,,,,,,,,,,,,,,,,,,,0.9974811083123426
,,,,,,,,,,,,,,,,,,,,,,,,,,,,,,,,,,,0.9944827586206897,,,,,0.9972337482710927,,,,,,,,,,,0.9958563535911602,,,,,,,8418.577723836,,,,44,,,,,,,,,,,,,,,,,,,,,,,,,,,1770932166.0841413,,,,,,,,,,,,,,,,,,,,,,,,,,,,,,,,,,,,,,,,,,,,,,,,,,,,,,,,,,,,,,,,,,,,,,,,,,,,,,,,,,,,
,,,,,,0.9987244897959183,,,,,,,,,,,,,,,,,,,,,,,,,,,,,,,,,,,,,0.9980879541108987,,,,,,,,,,,,,,,8418.577818095,,,,45,,,,,,,,,,,,,,,,,,,,,,,,,,,1770932166.084268,,,,,,,,,,,,,,,,,,,,,,,,,,,,,,,,0.9974522292993631,,,,,,,,,,,,,,,,,,,,,,,,,,,,,,,,,,,,,,,,,,,,,,,,,,,,
,,,,,,,,,,,,,,,,,,,,,,,,,,,,,,,,,,,,,,,0.9939849624060151,,,,,,,,,,,,,,0.9939849624060151,,,,,8418.577965691,,,,46,,,,,,,,,,,,,,,,,,,,,,0.9939849624060151,,,,,1770932166.0843933,,,,,,,,,,,,,,,,,,,,,,,,,,,,,,,,,,,,,,,,,,,,,,,,,,,,,,,,,,,,,,,,,,,,,,,,,,,,,,,,,,,,
,,,,,,,,,,,,,,,,,,,,,,,,,,,,,,,,,,,,,,,,,,,,,,,,,,,,,,,,,0.9954954954954955,8418.578082806,,,,47,,,,,,,,,,,,,,,,,,,,,,,,,,,1770932166.0845299,,,,,,,,,,,,,,,,,,,0.9963931469792606,,,,,,,,,,,,,,,,,,,,,,,,,,,,,,,,,,,,,,,,,,,,,,0.9972924187725631,,,,,,,,,,,,,,,,,,,
,,,,,,,,,,,,,,,,,,,,,,,,,,,,,,,,,,,,,,,,,,,,,,,,,,,,,,,,,,9004.765830492,,,,48,,,,,,,,,,,,,,,,,,,,,,,,,,,1770932752.2719731,,,,,,,,,,,,,,,,,,,,,,,,,,,,,,,,,,,,,,,,,,,,,,,,,,,,,,,,,,,,,,,,,,"{'nrows': 11, 'log_mode': 'IMMUTABLE', '_latest_artifact_path': 'wandb-client-artifact://s07k28em7qe89vjsk2hpun4qib3lm9zdajnj2k8186jgmnuv2fjdmg5ludu1g1231ypp7hv58gqaxj5brdjvsg8e1wlb69ic0e62lu4ebeoe6frd7737cla3rawzljy5:latest/fold4/confusion_matrix.table.json', 'ncols': 12, 'path': 'media/table/fold4/confusion_matrix_48_4fe7d0874a43b598d791.table.json', 'size': 561, '_type': 'table-file', 'artifact_path': 'wandb-client-artifact://lsv5vgz4lbm2aym8l3t5pnwpn1n3vcmduljaw0vnq2x068ka0ztk6z5s459gdan1ajk6aegk3atbolj6am013tmrid7edn717215arux8w18qoggl0ggjsf2urt213o2/fold4/confusion_matrix.table.json', 'sha256': '4fe7d0874a43b598d791165b5d99cef26b05afa3449fb6528c693f1ab8bc1ccf'}",,,,,,,,,,,,,,,,,,
,,,,,,,,,,,,0.9985647740148559,,,,,,,,,,,,,,,,,,,,,,,,,,,,,,,,,,,,,,,,,,,,,,9004.767505381,,0.9989043235142249,,49,,,,,,,,,,,,,,,,,,,,,,,,,,,1770932752.2736332,,,,,,,,,,,,,,,,,,,,,,,,,,,,,,,,,,,,,,,,,,,0.999244104011288,,,,,,,,,,,,,,,,,,,,,,,,,,,,,,,,,,,,,,,,,
,,,,,,,,,,,,,,,,,,,,,,,,,,,,,,,,,,,,,,,,,,,,,,0.9946666666666667,,,,,,,,,,,,9004.767832297,,,,50,,,,,0.998661311914324,,,,,,,,,,,,,,,,,,,,,,1770932752.2740695,,,0.9966599866399466,,,,,,,,,,,,,,,,,,,,,,,,,,,,,,,,,,,,,,,,,,,,,,,,,,,,,,,,,,,,,,,,,,,,,,,,,,,,,,,,,
,,,,,,,,,,,,,,,,0.997229916897507,,,,,,,,,,,,,,,,,,,,,,,,,,,,,,,,,,,,,,,,,,9004.76824265,,,,51,,,,,,,,,,,,,,,,,,,,,0.993103448275862,,,,,,1770932752.2744703,,,,,,,,,,,,,,,,,,,,,,,,,,,,,,,,,,,,,0.995162404975812,,,,,,,,,,,,,,,,,,,,,,,,,,,,,,,,,,,,,,,,,,,,,,,
,,,,,,,,,,,,,,,,,,,,,,,,,,,,,,,,,,,,,,,,,,,,,,,,0.9900687547746372,,,,,,,,,,9004.768434004,,,,52,,,,,,,,,,,,,,,,,,,,,,,,,,,1770932752.2748058,,,,0.9908256880733946,,,,,,,,,,,,,,,,,,,,,,,,,,0.9893129770992366,,,,,,,,,,,,,,,,,,,,,,,,,,,,,,,,,,,,,,,,,,,,,,,,,,,,,,
,,,,,,,,,0.973186119873817,,,,,,,,,,,,,,,,,,,,,,,,,,,,,,,,,,,,,,,,,,,,,,,,,9004.768620248,,,,53,,,,,,,,,,,,,,,,,,,,,,,,,,,1770932752.2750149,,,,,,,,,0.9801429706115965,,,,,,,,,,,,,,,,,,,,,,,,,,,,,,,,,,,,,,,,,,,,,,,,,,,,,,,,,,,,0.9872,,,,,,,,,,,,,,,
,,,,,,,,,,,,,,,,,,,,,,,,,,,,,,,,,,,,,,,,,,,,,,,,,,,,,,,,,,9004.768756902,,,,54,,,,,,0.9932614555256065,,,,,,,,,,,,,,,,,,,,,1770932752.275181,,,,,,,,,,,,,,,,,,,,,,,,,,,,,,,,,,,,,,,,,0.9879356568364611,,,,,,,,,,,,,,,,,,,,,,0.9826666666666667,,,,,,,,,,,,,,,,,,,,,
,,,,,,,,,,,,,,,,,,,,,,,,,,,,,,,,,,,,,,,,,,,,,,,,,,,,,,,,,,9004.768894959,,,,55,,,,,,,,,0.9938800489596084,,,,,0.9920586438607208,,,,,,,,,,,,,1770932752.275329,,,,,,,,,,,,,,,,,,,,,,,,,0.9902439024390244,,,,,,,,,,,,,,,,,,,,,,,,,,,,,,,,,,,,,,,,,,,,,,,,,,,,,,,,,,,
,,,,,,,,,,,,,,,,,,,,,,,,,,,,,,,,,,,,,,,,,,,,,,,,,,,,,,,,,,9004.769033146,,,,56,,,,,,,,0.9993674889310563,,,,,,,,,,,,,,,,,,,1770932752.2754703,,,,,,,,,,,,,,,,,,,,,,,,,,,,,,,,,,,,,,,,,,,,,,,,,,,,,,,0.9987357774968394,1,,,,,,,,,,,,,,,,,,,,,,,,,,,,
,,,,,,,,,,,,,,,,,,,,,,,,,,,,,,,,,,,,,,,,,,,,,,,,,,,,,,,,,,9004.769162606,,,,57,,,,0.9911949685534591,,,,,,,,,,,,,,,,,,,,,,,1770932752.2756052,,,,,,,,,,0.9955780164245104,,,,,,,,,,,,,,,,,,,,,,,,,,,,,,,,,,,,,,,,,,,,,,,,,,,,,,,,,,,,,,,,,,,,,1,,,,,
,,,,,,,,,,,,,,,,,,,,,,,,,,,,,,,,,,,,,,,,,,,,,,,,,,,,,,,0.9960526315789474,,,9004.769298378,,,,58,,,,,,,,,,,,,,,0.9927868852459016,,,,,,,,,,,,1770932752.2757432,,,,,,,,,,,,,,,,,,,,,,,,,,,,,,,,,,,,,,,0.9895424836601308,,,,,,,,,,,,,,,,,,,,,,,,,,,,,,,,,,,,,,,,,,,,,
,,,,,,,,,,,,,,,,,,,,,,,,,,,,,,,,,,,,,,,,,,,,,,,,,,,,,,,,,,9004.769459281,,,,59,,,,,,,,,,,,,,,,,,,,,,,,,,,1770932752.2758803,,,,,,,0.9987168520102652,,,,,,,0.9972240017083066,,,,,,,,,,,,,,,,,,,,,,,,,,,,,,,,,,,,,,,,,,,,,,,,,,,,,,,,,,,,,,,,,,0.9957356076759062,,,,
,,,,,,,,,,,,,,,,,,,,,,,,,,,,,,,,,,,,,,,,,,,,,,,,,,,,,,,,,,9005.000958582,,,,60,,,,,,,,,,,,,,,,,,,,,,,,,,,1770932752.5073328,,,,,,,,,,,,,,,,,,,,,,,,,,,,,,,,,,,,,,"{'size': 791, 'artifact_path': 'wandb-client-artifact://7w2ynl4q5tgatm9ou32sfo2gn5v9fq049ckzqfn0vxkhfbmpvw2837kdjt4d8heg1ukpc52jscderghkfq1xc03bz45kuigwsv338rrv80asyd0ix5kpvgknl17ovkpw/cv5/fold_metrics.table.json', '_latest_artifact_path': 'wandb-client-artifact://xc0nhj1ehguvs1ckjjhl6emyxgfcraoct79es2zho9ovf4iikk1am1yxc385phaeuzm90algezkzjkvg4t7exhx95ceh4en1wpmsjysn12rx4x5ccphsyj4ugwp7n4xk:latest/cv5/fold_metrics.table.json', 'sha256': 'd0b6b2e17195c98be4e988e9119dc043ad3dd0bde1dc516b2212e584e144ab1b', 'ncols': 9, 'nrows': 5, 'path': 'media/table/cv5/fold_metrics_60_d0b6b2e17195c98be4e9.table.json', 'log_mode': 'IMMUTABLE', '_type': 'table-file'}",,,,,,,,,,,,,,,,,,,,,,,,,,,,,,,,,,,,,,,,,,,,,,
