fold0/class_7/recall,fold3/class_7/recall,fold0/class_6/f1-score,fold2/class_8/precision,fold1/class_2/f1-score,fold2/class_9/f1-score,fold0/class_4/recall,fold2/class_4/recall,fold0/class_1/recall,fold1/class_3/recall,fold3/class_6/recall,fold3/class_6/f1-score,fold0/class_4/precision,fold0/class_10/recall,fold2/class_8/f1-score,fold2/class_7/f1-score,fold3/class_5/f1-score,fold0/class_8/precision,fold1/class_10/precision,fold3/class_9/f1-score,fold4/class_5/recall,fold0/class_2/f1-score,fold0/class_7/f1-score,fold0/class_9/recall,fold0/class_5/precision,fold3/class_4/precision,fold0/class_5/recall,fold3/class_2/recall,fold1/class_5/recall,fold1/class_7/precision,fold0/class_3/f1-score,fold4/class_10/recall,fold4/class_4/recall,fold2/class_6/precision,fold2/class_4/precision,fold0/class_8/f1-score,fold2/class_7/recall,fold2/class_3/f1-score,fold1/class_5/precision,fold4/class_8/recall,fold1/class_6/f1-score,fold2/class_10/f1-score,fold3/class_1/precision,fold1/class_8/recall,fold2/class_5/recall,fold3/class_2/f1-score,fold2/class_3/precision,fold0/class_3/precision,fold3/class_10/precision,fold2/class_0/f1-score,fold2/class_10/precision,fold1/class_7/f1-score,fold3/class_3/precision,fold0/class_9/precision,fold1/class_4/precision,fold2/class_9/recall,fold3/class_2/precision,fold3/class_7/f1-score,fold0/class_3/recall,fold0/class_10/precision,fold4/class_1/recall,fold0/class_1/f1-score,fold1/class_9/f1-score,fold1/class_0/precision,fold3/class_0/precision,fold2/class_2/recall,fold0/class_2/recall,fold3/class_6/precision,fold4/class_3/precision,fold4/class_9/f1-score,fold4/class_3/recall,fold1/class_6/precision,fold3/class_9/recall,fold4/class_7/f1-score,fold0/class_9/f1-score,fold0/class_7/precision,fold2/class_4/f1-score,fold1/class_0/recall,fold3/class_10/f1-score,fold2/class_5/precision,fold3/class_10/recall,fold3/class_8/recall,fold4/class_7/recall,fold1/class_1/recall,fold3/class_4/recall,fold1/class_10/f1-score,fold4/class_0/f1-score,fold3/class_0/recall,fold0/class_0/recall,_step,_timestamp,fold4/confusion_matrix,fold1/confusion_matrix,_runtime,fold1/class_10/recall,fold1/class_4/recall,fold3/class_5/recall,fold4/class_5/f1-score,fold2/class_5/f1-score,fold2/class_6/f1-score,fold1/class_2/recall,fold2/class_8/recall,fold1/class_3/f1-score,fold3/class_8/precision,fold4/class_0/precision,fold2/class_6/recall,fold4/class_0/recall,fold4/class_8/precision,fold1/class_2/precision,fold2/class_1/precision,fold1/class_5/f1-score,fold0/class_1/precision,fold4/class_7/precision,fold3/class_3/f1-score,fold2/class_2/precision,fold3/class_3/recall,fold2/class_9/precision,fold2/class_7/precision,fold1/class_8/f1-score,fold3/class_4/f1-score,fold4/class_4/precision,fold3/class_8/f1-score,fold2/confusion_matrix,fold0/class_2/precision,fold0/class_0/f1-score,fold1/class_1/f1-score,fold2/class_1/f1-score,fold4/class_6/f1-score,fold0/class_8/recall,fold2/class_0/precision,fold3/class_5/precision,fold4/class_5/precision,fold3/class_1/recall,fold4/class_1/precision,fold0/class_6/recall,fold1/class_4/f1-score,fold0/class_0/precision,fold1/class_1/precision,fold1/class_7/recall,fold0/class_4/f1-score,fold4/class_9/recall,fold2/class_2/f1-score,fold0/class_10/f1-score,fold3/class_0/f1-score,fold4/class_10/f1-score,fold4/class_8/f1-score,fold4/class_2/recall,fold3/confusion_matrix,fold4/class_9/precision,fold1/class_9/precision,fold4/class_2/f1-score,fold4/class_1/f1-score,fold4/class_6/precision,fold3/class_1/f1-score,fold0/class_5/f1-score,fold0/class_6/precision,fold4/class_4/f1-score,fold2/class_0/recall,fold1/class_6/recall,fold4/class_3/f1-score,fold0/confusion_matrix,fold2/class_10/recall,fold4/class_10/precision,fold1/class_3/precision,fold2/class_3/recall,fold2/class_1/recall,fold3/class_7/precision,fold1/class_8/precision,fold1/class_0/f1-score,fold1/class_9/recall,cv5/fold_metrics,fold3/class_9/precision,fold4/class_2/precision,fold4/class_6/recall
,,,,,,,,,,,,,,,,,,,,,,,,,,,,,,,,,,,,,,,,,,,,,,,,,,,,,,,,,,,,,,,,,,,,,,,,,,,,,,,,,,,,,,,,,0,1770929941.7157276,,,3189.738335719,,,,,,,,,,,,,,,,,,,,,,,,,,,,,,,,,,,,,,,,,,,,,,,,,,,,,,,,,,,,,,,,,,,"{'artifact_path': 'wandb-client-artifact://iebchb3spln1y84kmpqpd13g0ju1ixra6jgqu3y1iqv3vr8p7uqpg8f51i7vk8y4v7ba5c0lenphuxl85qi2jrja0ts7f7mcjrkve0zp9jvo57blhg9oqikevlhkmcoy/fold0/confusion_matrix.table.json', '_latest_artifact_path': 'wandb-client-artifact://x9av7ip997d7a3u2f3ms8x03nn8l4hyo6p70ecnabazbt5zmwftr9qqg517qlxiyzjhoqger5pxdxansnq83fxhky0m3i1wxgkqkh2txo0uei9ukm3b76643z9miwwnk:latest/fold0/confusion_matrix.table.json', 'path': 'media/table/fold0/confusion_matrix_0_84f92c517f0174c4cfa3.table.json', 'nrows': 11, 'log_mode': 'IMMUTABLE', 'sha256': '84f92c517f0174c4cfa3d252b58cf3d0bc5ce0bf39099f9a98a4cb77268b4650', 'size': 569, '_type': 'table-file', 'ncols': 12}",,,,,,,,,,,,,
,,,,,,,,,,,,,,,,,,,,,,,,,,,,,,,,,,,,,,,,,,,,,,,,,,,,,,,,,,,,,,,,,,,,,,,,,,,,,,,,,,,,,,,,0.9998812821527503,1,1770929941.7172601,,,3189.739685988,,,,,,,,,,,,,,,,,,,,,,,,,,,,,,,0.9995648389904265,,,,,,,,,,,,0.9992485960610614,,,,,,,,,,,,,,,,,,,,,,,,,,,,,,,,,,,,,
,,,,,,,,1,,,,,,,,,,,,,,,,,,,,,,,,,,,,,,,,,,,,,,,,,,,,,,,,,,,,,1,,,,,,,,,,,,,,,,,,,,,,,,,,,,2,1770929941.7175727,,,3189.739928555,,,,,,,,,,,,,,,,,,1,,,,,,,,,,,,,,,,,,,,,,,,,,,,,,,,,,,,,,,,,,,,,,,,,,,,,,,,,,,,,,
,,,,,,,,,,,,,,,,,,,,,0.9996391194514616,,,,,,,,,,,,,,,,,,,,,,,,,,,,,,,,,,,,,,,,,,,,,0.9992784992784993,,,,,,,,,,,,,,,,,,,,,,,3,1770929941.7177982,,,3189.740140309,,,,,,,,,,,,,,,,,,,,,,,,,,,,,,1,,,,,,,,,,,,,,,,,,,,,,,,,,,,,,,,,,,,,,,,,,,,,,,,,,
,,,,,,,,,,,,,,,,,,,,,,,,,,,,,,0.9992542878448919,,,,,,,,,,,,,,,,,0.9992542878448919,,,,,,,,,,,0.9992542878448919,,,,,,,,,,,,,,,,,,,,,,,,,,,,,,,4,1770929941.7180068,,,3189.740382235,,,,,,,,,,,,,,,,,,,,,,,,,,,,,,,,,,,,,,,,,,,,,,,,,,,,,,,,,,,,,,,,,,,,,,,,,,,,,,,,
,,,,,,1,,,,,,1,,,,,,,,,,,,,,,,,,,,,,,,,,,,,,,,,,,,,,,,,,,,,,,,,,,,,,,,,,,,,,,,,,,,,,,,,,,,,5,1770929941.7182364,,,3189.740523308,,,,,,,,,,,,,,,,,,,,,,,,,,,,,,,,,,,,,,,,,,,,,,1,,,,,,,,,,,,,,,,,,,,,,,,,,,,,,,,,,
,,,,,,,,,,,,,,,,,,,,,,,,0.9993351063829787,,1,,,,,,,,,,,,,,,,,,,,,,,,,,,,,,,,,,,,,,,,,,,,,,,,,,,,,,,,,,,,,,,6,1770929941.7184212,,,3189.740717808,,,,,,,,,,,,,,,,,,,,,,,,,,,,,,,,,,,,,,,,,,,,,,,,,,,,,,,,,,,,,0.9996674426338543,,,,,,,,,,,,,,,,,,,
,,0.9992337164750957,,,,,,,,,,,,,,,,,,,,,,,,,,,,,,,,,,,,,,,,,,,,,,,,,,,,,,,,,,,,,,,,,,,,,,,,,,,,,,,,,,,,,,,7,1770929941.7186396,,,3189.74093312,,,,,,,,,,,,,,,,,,,,,,,,,,,,,,,,,,,,,,,,,0.9992337164750957,,,,,,,,,,,,,,,,,,,,,0.9992337164750957,,,,,,,,,,,,,,,,,,
1,,,,,,,,,,,,,,,,,,,,,,1,,,,,,,,,,,,,,,,,,,,,,,,,,,,,,,,,,,,,,,,,,,,,,,,,,,,,1,,,,,,,,,,,,,,8,1770929941.718828,,,3189.741066848,,,,,,,,,,,,,,,,,,,,,,,,,,,,,,,,,,,,,,,,,,,,,,,,,,,,,,,,,,,,,,,,,,,,,,,,,,,,,,,,
,,,,,,,,,,,,,,,,,1,,,,,,,,,,,,,,,,,,1,,,,,,,,,,,,,,,,,,,,,,,,,,,,,,,,,,,,,,,,,,,,,,,,,,,,,,9,1770929941.71896,,,3189.741229154,,,,,,,,,,,,,,,,,,,,,,,,,,,,,,,,,,,1,,,,,,,,,,,,,,,,,,,,,,,,,,,,,,,,,,,,,,,,,,,,,
,,,,,,,,,,,,,,,,,,,,,,,1,,,,,,,,,,,,,,,,,,,,,,,,,,,,,,0.9984697781178271,,,,,,,,,,,,,,,,,,,,,0.9992343032159265,,,,,,,,,,,,,,,10,1770929941.7191005,,,3189.741334505,,,,,,,,,,,,,,,,,,,,,,,,,,,,,,,,,,,,,,,,,,,,,,,,,,,,,,,,,,,,,,,,,,,,,,,,,,,,,,,,
,,,,,,,,,,,,,0.9956236323851203,,,,,,,,,,,,,,,,,,,,,,,,,,,,,,,,,,,,,,,,,,,,,,1,,,,,,,,,,,,,,,,,,,,,,,,,,,,,,11,1770929941.7192323,,,3189.741475668,,,,,,,,,,,,,,,,,,,,,,,,,,,,,,,,,,,,,,,,,,,,,,,,,0.9978070175438597,,,,,,,,,,,,,,,,,,,,,,,,,,,,,,,
,,,,,,,,,,,,,,,,,,,,,,,,,,,,,,,,,,,,,,,,,,,,,,,,,,,,,,,,,,,,,,,,,,,,,,,,,,,,,,,,,,,,,,,,,12,1770930185.8140936,,"{'artifact_path': 'wandb-client-artifact://t6pmfau80daz7a5ic43ln5ylcjjlqtsxh8rwf864grncck1qmffwk4gbiclkna5fij632denzqqwlsmdf0alxaa7i967lio5fxbgu5kjc0nart5ltwjvxqffj4soork1/fold1/confusion_matrix.table.json', 'path': 'media/table/fold1/confusion_matrix_12_585870d360bf280e9a84.table.json', 'log_mode': 'IMMUTABLE', '_latest_artifact_path': 'wandb-client-artifact://pgydipks5snsk3zh36ea5s50h31hylvpfy37ywpj5aevtdf3o5ux0kt1w9epu17nd5yeruoa26i1z80jicj4shok8pm41q2x8habpcbpw7chalxuziiws460ll4fla32:latest/fold1/confusion_matrix.table.json', '_type': 'table-file', 'sha256': '585870d360bf280e9a84563e69ffb24231cc98c0abff4ca11fe60f3edcd7bd23', 'size': 568, 'ncols': 12, 'nrows': 11}",3433.836474899,,,,,,,,,,,,,,,,,,,,,,,,,,,,,,,,,,,,,,,,,,,,,,,,,,,,,,,,,,,,,,,,,,,,,,,,,,,,,,,,
,,,,,,,,,,,,,,,,,,,,,,,,,,,,,,,,,,,,,,,,,,,,,,,,,,,,,,,,,,,,,,,1,,,,,,,,,,,,,,0.9999208547685002,,,,,,,,,,,,13,1770930185.8152676,,,3433.837619234,,,,,,,,,,,,,,,,,,,,,,,,,,,,,,,,,,,,,,,,,,,,,,,,,,,,,,,,,,,,,,,,,,,,,,,,,,,0.9999604258181962,,,,,
,,,,,,,,,,,,,,,,,,,,,,,,,,,,,,,,,,,,,,,,,,,,,,,,,,,,,,,,,,,,,,,,,,,,,,,,,,,,,,,,,,,1,,,,,,14,1770930185.815511,,,3433.83778659,,,,,,,,,,,,,,,,,,,,,,,,,,,,,,,,0.997229916897507,,,,,,,,,,,,0.994475138121547,,,,,,,,,,,,,,,,,,,,,,,,,,,,,,,,,,,,
,,,,0.9968127490039841,,,,,,,,,,,,,,,,,,,,,,,,,,,,,,,,,,,,,,,,,,,,,,,,,,,,,,,,,,,,,,,,,,,,,,,,,,,,,,,,,,,,,15,1770930185.8156776,,,3433.837929166,,,,,,,1,,,,,,,,0.9936457505957109,,,,,,,,,,,,,,,,,,,,,,,,,,,,,,,,,,,,,,,,,,,,,,,,,,,,,,,,,,,,,,,,,
,,,,,,,,,1,,,,,,,,,,,,,,,,,,,,,,,,,,,,,,,,,,,,,,,,,,,,,,,,,,,,,,,,,,,,,,,,,,,,,,,,,,,,,,,,16,1770930185.8158264,,,3433.83806591,,,,,,,,,0.9971408148677627,,,,,,,,,,,,,,,,,,,,,,,,,,,,,,,,,,,,,,,,,,,,,,,,,,,,,,,,,,,,,0.9942979330007128,,,,,,,,,,
,,,,,,,,,,,,,,,,,,,,,,,,,,,,,,,,,,,,,,,,,,,,,,,,,,,,,,1,,,,,,,,,,,,,,,,,,,,,,,,,,,,,,,,,,,17,1770930185.8159585,,,3433.838217354,,1,,,,,,,,,,,,,,,,,,,,,,,,,,,,,,,,,,,,,,,,1,,,,,,,,,,,,,,,,,,,,,,,,,,,,,,,,,,,,,,
,,,,,,,,,,,,,,,,,,,,,,,,,,,,1,,,,,,,,,,0.9992790194664743,,,,,,,,,,,,,,,,,,,,,,,,,,,,,,,,,,,,,,,,,,,,,,,,,,,18,1770930185.8161073,,,3433.838358848,,,,,,,,,,,,,,,,,0.999639379733141,,,,,,,,,,,,,,,,,,,,,,,,,,,,,,,,,,,,,,,,,,,,,,,,,,,,,,,,,,,,,,,
,,,,,,,,,,,,,,,,,,,,,,,,,,,,,,,,,,,,,,,,1,,,,,,,,,,,,,,,,,,,,,,,,,,,,,,,1,,,,,,,,,,,,,,,,,,19,1770930185.8162274,,,3433.838458598,,,,,,,,,,,,,,,,,,,,,,,,,,,,,,,,,,,,,,,,,,,,,,,,,,,,,,,,,,,,,,,,,1,,,,,,,,,,,,,,,
,,,,,,,,,,,,,,,,,,,,,,,,,,,,,1,,,,,,,,,,,,,,,,,,,,,,0.9968823070927514,,,,,,,,,,,,,,,,,,,,,,,,,,,,,,,,,,,,,,20,1770930185.8163435,,,3433.838566515,,,,,,,,,,,,,,,,,,,,,,,,,,,,,,,,,,,,,,,,,,,,,0.9937839937839937,,,,,,,,,,,,,,,,,,,,,,,,,,,,,,,,,,,
,,,,,,,,,,,,,,,,,,,,,,,,,,,,,,,,,,,,,,,,,,,0.994579945799458,,,,,,,,,,,,,,,,,,,,,,,,,,,,,,,,,,,,,,,,,,,,,,21,1770930185.8164592,,,3433.838686505,,,,,,,,,,,,,,,,,,,,,,,,,0.9969439728353141,,,,,,,,,,,,,,,,,,,,,,,,,,,,,,,,,,,,,,,,,,,,,,,,,0.9993192648059904,,,,,,
,,,,,,,,,,,,,,,,,,,,,,,,,,,,,,,,,,,,,,,,,,,,,,,,,,,,,,,,,,,,,,0.9996116504854369,,,,,,,,,,,,,,,,,,,,,,,,,,,22,1770930185.8165748,,,3433.838792338,,,,,,,,,,,,,,,,,,,,,,,,,,,,,,,,,,,,,,,,,,,,,,,,,,,,,,,,0.9992236024844721,,,,,,,,,,,,,,,,,,,,1,,,,
,,,,,,,,,,,,,,,,,,1,,,,,,,,,,,,,,,,,,,,,,,,,,,,,,,,,,,,,,,,,,,,,,,,,,,,,,,,,,,,,,,,,,,0.9989047097480832,,,,23,1770930185.8166883,,,3433.83890838,0.9978118161925602,,,,,,,,,,,,,,,,,,,,,,,,,,,,,,,,,,,,,,,,,,,,,,,,,,,,,,,,,,,,,,,,,,,,,,,,,,,,,,,
,,,,,,,,,,,,,,,,,,,,,,,,,,,,,,,,,,,,,,,,,,,,,,,,,,,,,,,,,,,,,,,,,,,,,,,,,,,,,,,,,,,,,,,,,24,1770930486.3283393,,,3734.350867386,,,,,,,,,,,,,,,,,,,,,,,,,,,,,"{'ncols': 12, 'artifact_path': 'wandb-client-artifact://f9h7m8jx43f9n7nn2p3s3b79m6cwcje81aejjhcuvy12m9yxsz7kx5k6pcaf8u52vewzbi5evc14n2jo1zdmpwddke4qr53ui79efgw7za4vv7huod876pk5q44nfivv/fold2/confusion_matrix.table.json', 'size': 568, '_type': 'table-file', 'path': 'media/table/fold2/confusion_matrix_24_7417b538635041f78364.table.json', 'log_mode': 'IMMUTABLE', 'nrows': 11, 'sha256': '7417b538635041f78364881910a486b1c5b91627a158c62e6a37518bf2f12942', '_latest_artifact_path': 'wandb-client-artifact://w5ojbmpncvd6p83it0bot3ab64pucm7agvgczzwyqj3w7dvgv0ennr34po7wd9dt9yj43ofn5cyigxdweew6uhky04x683lqo383cm407iaafm427o2zd541z7sdrdnp:latest/fold2/confusion_matrix.table.json'}",,,,,,,,,,,,,,,,,,,,,,,,,,,,,,,,,,,,,,,,,,,,,,,,,,,
,,,,,,,,,,,,,,,,,,,,,,,,,,,,,,,,,,,,,,,,,,,,,,,,,1,,,,,,,,,,,,,,,,,,,,,,,,,,,,,,,,,,,,,,,,25,1770930486.3297274,,,3734.352066762,,,,,,,,,,,,,,,,,,,,,,,,,,,,,,,,,,,,1,,,,,,,,,,,,,,,,,,,,,,,,,,,,1,,,,,,,,,,,,,,,,
,,,,,,,,,,,,,,,,,,,,,,,,,,,,,,,,,,,,,,,,,,,,,,,,,,,,,,,,,,,,,,,,,,,,,,,,,,,,,,,,,,,,,,,,,26,1770930486.329981,,,3734.352250049,,,,,,,,,,,,,,,,1,,,,,,,,,,,,,,,,,1,,,,,,,,,,,,,,,,,,,,,,,,,,,,,,,,,,,,,,,1,,,,,,,,
,,,,,,,,,,,,,,,,,,,,,,,,,,,,,,,,,,,,,,,,,,,,,,,,,,,,,,,,,,,,,,,,,1,,,,,,,,,,,,,,,,,,,,,,,,27,1770930486.330141,,,3734.35239984,,,,,,,,,,,,,,,,,,,,,1,,,,,,,,,,,,,,,,,,,,,,,,,,,1,,,,,,,,,,,,,,,,,,,,,,,,,,,,,,,,
,,,,,,,,,,,,,,,,,,,,,,,,,,,,,,,,,,,,,1,,,,,,,,,1,,,,,,,,,,,,,,,,,,,,,,,,,,,,,,,,,,,,,,,,,,,28,1770930486.330285,,,3734.352542165,,,,,,,,,,,,,,,,,,,,,,,,,,,,,,,,,,,,,,,,,,,,,,,,,,,,,,,,,,,,,,,,,,,,,,,1,,,,,,,,,
,,,,,,,1,,,,,,,,,,,,,,,,,,,,,,,,,,,1,,,,,,,,,,,,,,,,,,,,,,,,,,,,,,,,,,,,,,,,,,1,,,,,,,,,,,,,29,1770930486.3304348,,,3734.352665603,,,,,,,,,,,,,,,,,,,,,,,,,,,,,,,,,,,,,,,,,,,,,,,,,,,,,,,,,,,,,,,,,,,,,,,,,,,,,,,,
,,,,,,,,,,,,,,,,,,,,,,,,,,,,,,,,,,,,,,,,,,,,0.9992784992784993,,,,,,,,,,,,,,,,,,,,,,,,,,,,,,,,,,,1,,,,,,,,,,30,1770930486.3305635,,,3734.352792798,,,,,0.9996391194514616,,,,,,,,,,,,,,,,,,,,,,,,,,,,,,,,,,,,,,,,,,,,,,,,,,,,,,,,,,,,,,,,,,,,,,,,,,,
,,,,,,,,,,,,,,,,,,,,,,,,,,,,,,,,,1,,,,,,,,,,,,,,,,,,,,,,,,,,,,,,,,,,,,,,,,,,,,,,,,,,,,,,,,31,1770930486.3306878,,,3734.352910434,,,,,,1,,,,,,1,,,,,,,,,,,,,,,,,,,,,,,,,,,,,,,,,,,,,,,,,,,,,,,,,,,,,,,,,,,,,,,,,,,,
,,,,,,,,,,,,,,,1,,,,,,,,,,,,,,,,,,,,,1,,,,,,,,,,,,,,,,,,,,,,,,,,,,,,,,,,,,,,,,,,,,,,,,,,,,,32,1770930486.3308096,,,3734.353029042,,,,,,,,,,,,,,,,,,,,,,,,1,,,,,,,,,,,,,,,,,,,,,,,,,,,,,,,,,,,,,,,,,,,,,,,,,,,,,,,,
,,,1,,,,,,,,,,,1,,,,,,,,,,,,,,,,,,,,,,,,,,,,,,,,,,,,,,,,,,,,,,,,,,,,,,,,,,,,,,,,,,,,,,,,,,,33,1770930486.330933,,,3734.353167931,,,,,,,,1,,,,,,,,,,,,,,,,,,,,,,,,,,,,,,,,,,,,,,,,,,,,,,,,,,,,,,,,,,,,,,,,,,,,,,,,
,,,,,1,,,,,,,,,,,,,,,,,,,,,,,,,,,,,,,,,,,,,,,,,,,,,,,,,,1,,,,,,,,,,,,,,,,,,,,,,,,,,,,,,,,,,34,1770930486.3310637,,,3734.353286579,,,,,,,,,,,,,,,,,,,,,,,1,,,,,,,,,,,,,,,,,,,,,,,,,,,,,,,,,,,,,,,,,,,,,,,,,,,,,,,,,
,,,,,,,,,,,,,,,,,,,,,,,,,,,,,,,,,,,,,,,,,0.9998717126363054,,,,,,,,,0.9997434581836839,,,,,,,,,,,,,,,,,,,,,,,,,,,,,,,,,,,,,,,35,1770930486.3311865,,,3734.353420507,,,,,,,,,,,,,,,,,,,,,,,,,,,,,,,,,,,,,,,,,,,,,,,,,,,,,,,,,,,,,,,,,,,,1,,,,,,,,,,,,
,,,,,,,,,,,,,,,,,,,,,,,,,,,,,,,,,,,,,,,,,,,,,,,,,,,,,,,,,,,,,,,,,,,,,,,,,,,,,,,,,,,,,,,,,36,1770930754.056535,,,4002.082723809,,,,,,,,,,,,,,,,,,,,,,,,,,,,,,,,,,,,,,,,,,,,,,,,,,,,,,"{'log_mode': 'IMMUTABLE', 'sha256': '5b78bef6f90c46244ad9d9db3316b2cc0b9f314ecd46870629bfddc197cda093', 'nrows': 11, '_type': 'table-file', 'ncols': 12, '_latest_artifact_path': 'wandb-client-artifact://dh3ejdmgr65kcr0utm1ktkbyqler9pzu6gqfflktf07yp966okhf19gmvix19ns8qcidx26qowvls4m8n4dqgjhm4okuoqfuegompwzrs51jj9qsnnpoimtjqbkb9l5o:latest/fold3/confusion_matrix.table.json', 'size': 569, 'artifact_path': 'wandb-client-artifact://xlmtpoqrus5503hpklm70ahjp4089xme223knzw2hymkl0ci1oivpzjqt9kepmwi4f44u6f3yzqb6qiadsehvh03ixrbsw5ph4kgr85uxzjfm2tjo0rjmwrkx2f5qdnw/fold3/confusion_matrix.table.json', 'path': 'media/table/fold3/confusion_matrix_36_5b78bef6f90c46244ad9.table.json'}",,,,,,,,,,,,,,,,,,,,,,,,,,
,,,,,,,,,,,,,,,,,,,,,,,,,,,,,,,,,,,,,,,,,,,,,,,,,,,,,,,,,,,,,,,,1,,,,,,,,,,,,,,,,,,,,,,,0.9999604054482103,,37,1770930754.0613163,,,4002.083717472,,,,,,,,,,,,,,,,,,,,,,,,,,,,,,,,,,,,,,,,,,,,,,,,,,0.9999802023321652,,,,,,,,,,,,,,,,,,,,,,,,,,,,,,
,,,,,,,,,,,,,,,,,,,,,,,,,,,,,,,,,,,,,,,,,,0.9992972593113141,,,,,,,,,,,,,,,,,,,,,,,,,,,,,,,,,,,,,,,,,,,,,,,38,1770930754.0615842,,,4002.083925169,,,,,,,,,,,,,,,,,,,,,,,,,,,,,,,,,,,,,,,1,,,,,,,,,,,,,,,,,,,,,0.9996485061511423,,,,,,,,,,,,,,,,,,,,
,,,,,,,,,,,,,,,,,,,,,,,,,,,1,,,,,,,,,,,,,,,,,,0.9926725800231392,,,,,,,,,,,0.9854517611026034,,,,,,,,,,,,,,,,,,,,,,,,,,,,,,,,,39,1770930754.0618024,,,4002.084142465,,,,,,,,,,,,,,,,,,,,,,,,,,,,,,,,,,,,,,,,,,,,,,,,,,,,,,,,,,,,,,,,,,,,,,,,,,,,,,,,
,,,,,,,,,,,,,,,,,,,,,,,,,,,,,,,,,,,,,,,,,,,,,,,,,,,,0.9940298507462687,,,,,,,,,,,,,,,,,,,,,,,,,,,,,,,,,,,,,40,1770930754.0620108,,,4002.084311263,,,,,,,,,,,,,,,,,,,,0.9970059880239521,,1,,,,,,,,,,,,,,,,,,,,,,,,,,,,,,,,,,,,,,,,,,,,,,,,,,,,,,,,,,
,,,,,,,,,,,,,,,,,,,,,,,,,0.9992343032159265,,,,,,,,,,,,,,,,,,,,,,,,,,,,,,,,,,,,,,,,,,,,,,,,,,,,,,,,,,,1,,,,,41,1770930754.0622134,,,4002.084497728,,,,,,,,,,,,,,,,,,,,,,,,,,0.9996170049789352,,,,,,,,,,,,,,,,,,,,,,,,,,,,,,,,,,,,,,,,,,,,,,,,,,,,,,
,,,,,,,,,,,,,,,,1,,,,,,,,,,,,,,,,,,,,,,,,,,,,,,,,,,,,,,,,,,,,,,,,,,,,,,,,,,,,,,,,,,,,,,,,,42,1770930754.0624056,,,4002.084689763,,,1,,,,,,,,,,,,,,,,,,,,,,,,,,,,,,,,,,1,,,,,,,,,,,,,,,,,,,,,,,,,,,,,,,,,,,,,,,,,,,
,,,,,,,,,,0.9993011879804332,0.999650471862985,,,,,,,,,,,,,,,,,,,,,,,,,,,,,,,,,,,,,,,,,,,,,,,,,,,,,,,,1,,,,,,,,,,,,,,,,,,,,,,43,1770930754.0625956,,,4002.084880896,,,,,,,,,,,,,,,,,,,,,,,,,,,,,,,,,,,,,,,,,,,,,,,,,,,,,,,,,,,,,,,,,,,,,,,,,,,,,,,,
,0.9851851851851852,,,,,,,,,,,,,,,,,,,,,,,,,,,,,,,,,,,,,,,,,,,,,,,,,,,,,,,,0.9925373134328358,,,,,,,,,,,,,,,,,,,,,,,,,,,,,,,,44,1770930754.062786,,,4002.085079404,,,,,,,,,,,,,,,,,,,,,,,,,,,,,,,,,,,,,,,,,,,,,,,,,,,,,,,,,,,,,,,,,,,,,,,,,1,,,,,,,
,,,,,,,,,,,,,,,,,,,,,,,,,,,,,,,,,,,,,,,,,,,,,,,,,,,,,,,,,,,,,,,,,,,,,,,,,,,,,,,,,0.9992337164750957,,,,,,,,45,1770930754.0630026,,,4002.085314115,,,,,,,,,,0.998468606431853,,,,,,,,,,,,,,,,,,0.9988510149368058,,,,,,,,,,,,,,,,,,,,,,,,,,,,,,,,,,,,,,,,,,,,,,,,,,,,
,,,,,,,,,,,,,,,,,,,0.995484543244182,,,,,,,,,,,,,,,,,,,,,,,,,,,,,,,,,,,,,,,,,,,,,,,,,,,,,0.9951388888888889,,,,,,,,,,,,,,,,,46,1770930754.0632038,,,4002.085489918,,,,,,,,,,,,,,,,,,,,,,,,,,,,,,,,,,,,,,,,,,,,,,,,,,,,,,,,,,,,,,,,,,,,,,,,,,,,,,0.9958304378040306,,
,,,,,,,,,,,,,,,,,,,,,,,,,,,,,,,,,,,,,,,,,,,,,,,,0.9997553816046967,,,,,,,,,,,,,,,,,,,,,,,,,,,,,,0.9989001588659416,,0.998046398046398,,,,,,,,,47,1770930754.0633934,,,4002.085704288,,,,,,,,,,,,,,,,,,,,,,,,,,,,,,,,,,,,,,,,,,,,,,,,,,,,,,,,,,,,,,,,,,,,,,,,,,,,,,,,
,,,,,,,,,,,,,,,,,,,,,,,,,,,,,,,,,,,,,,,,,,,,,,,,,,,,,,,,,,,,,,,,,,,,,,,,,,,,,,,,,,,,,,,,,48,1770931010.8953779,"{'log_mode': 'IMMUTABLE', 'size': 568, '_type': 'table-file', 'path': 'media/table/fold4/confusion_matrix_48_cad121959febd2fbc00f.table.json', 'sha256': 'cad121959febd2fbc00f76351b7c6c1d4e320eaf0f8c62beeb6ff53a152acba0', 'ncols': 12, 'nrows': 11, 'artifact_path': 'wandb-client-artifact://iesa63mbr8yuxalfmjj5o9k1lz2wti4qpw1lirpddnund7u0vi7gp41odz7vnesp23l95zrnazx4hijg2q6pobyk3cvzwcmoxt40ryy17jxy1ub66ngkwdf1mhw8q6ue/fold4/confusion_matrix.table.json', '_latest_artifact_path': 'wandb-client-artifact://xejvrwtkubacud5d7a52uhhy3svhwavufsxg65yt9tqt8sn1lsf63uvdvs6lbwr07w5slrw3jnp6vyxfnabr94e0oyr75ej0nbw7zsrc61yieztvep8t2cu8mduw2tn4:latest/fold4/confusion_matrix.table.json'}",,4258.917809531,,,,,,,,,,,,,,,,,,,,,,,,,,,,,,,,,,,,,,,,,,,,,,,,,,,,,,,,,,,,,,,,,,,,,,,,,,,,,,,,
,,,,,,,,,,,,,,,,,,,,,,,,,,,,,,,,,,,,,,,,,,,,,,,,,,,,,,,,,,,,,,,,,,,,,,,,,,,,,,,,,,,,,,0.9997623762376238,,,49,1770931010.8966925,,,4258.919135952,,,,,,,,,,,1,,0.9995248653785239,,,,,,,,,,,,,,,,,,,,,,,,,,,,,,,,,,,,,,,,,,,,,,,,,,,,,,,,,,,,,,,,,,,
,,,,,,,,,,,,,,,,,,,,,,,,,,,,,,,,,,,,,,,,,,,,,,,,,,,,,,,,,,,,1,,,,,,,,,,,,,,,,,,,,,,,,,,,,,50,1770931010.8970616,,,4258.919395613,,,,,,,,,,,,,,,,,,,,,,,,,,,,,,,,,,,,,,,,0.9992181391712275,,,,,,,,,,,,,,,,,,0.9996089166992569,,,,,,,,,,,,,,,,,,,,,,
,,,,,,,,,,,,,,,,,,,,,,,,,,,,,,,,,,,,,,,,,,,,,,,,,,,,,,,,,,,,,,,,,,,,,,,,,,,,,,,,,,,,,,,,,51,1770931010.8973038,,,4258.919576736,,,,,,,,,,,,,,,,,,,,,,,,,,,,,,,,,,,,,,,,,,,,,,,,,,,,,0.9992877492877493,,,,0.9982212735681252,,,,,,,,,,,,,,,,,,,,,,0.9971570717839374,
,,,,,,,,,,,,,,,,,,,,,,,,,,,,,,,,,,,,,,,,,,,,,,,,,,,,,,,,,,,,,,,,,,,,0.983132530120482,,1,,,,,,,,,,,,,,,,,,,52,1770931010.8974571,,,4258.919701617,,,,,,,,,,,,,,,,,,,,,,,,,,,,,,,,,,,,,,,,,,,,,,,,,,,,,,,,,,,,,,,,,,0.991494532199271,,,,,,,,,,,,,,
,,,,,,,,,,,,,,,,,,,,,,,,,,,,,,,,1,,,,,,,,,,,,,,,,,,,,,,,,,,,,,,,,,,,,,,,,,,,,,,,,,,,,,,,,,53,1770931010.8975992,,,4258.919840495,,,,,,,,,,,,,,,,,,,,,,,,,,,0.9986301369863013,,,,,,,,,,,,,,,,,,,,,,,,,,,,,,,,,,,,0.9993145990404386,,,,,,,,,,,,,,,,,
,,,,,,,,,,,,,,,,,,,,1,,,,,,,,,,,,,,,,,,,,,,,,,,,,,,,,,,,,,,,,,,,,,,,,,,,,,,,,,,,,,,,,,,,,,54,1770931010.8977368,,,4258.919980366,,,,0.9996440014239943,,,,,,,,,,,,,,,,,,,,,,,,,,,,,,,,,,0.999288256227758,,,,,,,,,,,,,,,,,,,,,,,,,,,,,,,,,,,,,,,,,,
,,,,,,,,,,,,,,,,,,,,,,,,,,,,,,,,,,,,,,,,,,,,,,,,,,,,,,,,,,,,,,,,,,,,,,,,,,,,,,,,,,,,,,,,,55,1770931010.8978748,,,4258.920123673,,,,,,,,,,,,,,,,,,,,,,,,,,,,,,,,,,0.9966777408637874,,,,,,,,,,,,,,,,,,,,,,,,,0.9933774834437086,,,,,,,,,,,,,,,,,,,,,1
,,,,,,,,,,,,,,,,,,,,,,,,,,,,,,,,,,,,,,,,,,,,,,,,,,,,,,,,,,,,,,,,,,,,,,,,,0.9980135081446166,,,,,,,,,0.9968253968253968,,,,,,,56,1770931010.898019,,,4258.920255849,,,,,,,,,,,,,,,,,,,0.9992044550517104,,,,,,,,,,,,,,,,,,,,,,,,,,,,,,,,,,,,,,,,,,,,,,,,,,,,,,,,,,,,,
,,,,,,,,,,,,,,,,,,,,,,,,,,,,,,,,,,,,,,,0.9939531368102796,,,,,,,,,,,,,,,,,,,,,,,,,,,,,,,,,,,,,,,,,,,,,,,,,,57,1770931010.8981545,,,4258.920389116,,,,,,,,,,,,,,1,,,,,,,,,,,,,,,,,,,,,,,,,,,,,,,,,,,,,,0.9969673995451099,,,,,,,,,,,,,,,,,,,,,,,,,,,,
,,,,,,,,,,,,,,,,,,,,,,,,,,,,,,,,,,,,,,,,,,,,,,,,,,,,,,,,,,,,,,,,,,,,,0.9969040247678018,,,,,,,,,,,,,,,,,,,,58,1770931010.8982842,,,4258.920519608,,,,,,,,,,,,,,,,,,,,,,,,,,,,,,,,,,,,,,,,,,,,,,,0.9938271604938271,,,,,,,,1,,,,,,,,,,,,,,,,,,,,,,,,,
,,,,,,,,,,,,,,,,,,,,,,,,,,,,,,,0.9985845718329794,,,,,,,,,,,,,,,,,,,,,,,,,,,,,,,,,,,,,,,,,,,,,,,,,,,,,,,,,,59,1770931010.8984172,,,4258.920648095,,,,,,,,,,,,,,,,,,,,,,,,,,,,,,,,,,,,,,,,,,,,,,,,,,,0.9992917847025495,,,,,,,,,,,,,,,,,,1,,,,,,,,,,,
,,,,,,,,,,,,,,,,,,,,,,,,,,,,,,,,,,,,,,,,,,,,,,,,,,,,,,,,,,,,,,,,,,,,,,,,,,,,,,,,,,,,,,,,,60,1770931011.1477923,,,4259.170265769,,,,,,,,,,,,,,,,,,,,,,,,,,,,,,,,,,,,,,,,,,,,,,,,,,,,,,,,,,,,,,,,,,,,,,,,,,,,,"{'ncols': 9, '_type': 'table-file', 'path': 'media/table/cv5/fold_metrics_60_28afa6db17f623c8fb4c.table.json', 'sha256': '28afa6db17f623c8fb4c4b8fb57e20366b56256ead279db82d8b445bf9dc48c5', 'log_mode': 'IMMUTABLE', 'size': 764, 'artifact_path': 'wandb-client-artifact://vgl3ni7ye5c3yr2h4pdxzp15qoc922o4cylic7fcvslv1jm8gdpoof8b64wjdndmz3ap2wzplwleb6fu6e70rd93z4ybdmzf7pdhkqm64p3ijbaco9vdi5zu6q0bn1z4/cv5/fold_metrics.table.json', '_latest_artifact_path': 'wandb-client-artifact://kr5rxnbcgh2i9m1bo2bpyfwgyz77jq64d9ncz8pzc5yj45jj8lxsg6vqjd7vdcubtg9dag8jbnrm8m5fgxvncl6xvie4et53ksjad3fe3djan6v0k4ljhnc4y3yzgd76:latest/cv5/fold_metrics.table.json', 'nrows': 5}",,,
