fold1/class_7/recall,fold1/class_1/recall,fold0/class_1/recall,fold2/class_0/precision,fold0/class_7/f1-score,fold1/class_6/recall,fold2/class_6/f1-score,fold4/class_10/recall,fold3/class_8/f1-score,fold4/class_7/f1-score,fold2/class_4/precision,fold3/class_1/precision,fold2/class_5/f1-score,fold2/class_4/recall,fold4/class_4/f1-score,fold2/class_1/f1-score,fold2/class_7/precision,fold4/class_3/recall,fold1/class_0/precision,fold0/class_3/f1-score,fold3/class_4/f1-score,fold4/class_2/precision,fold4/class_6/f1-score,fold0/class_2/precision,fold1/class_3/precision,fold1/class_4/recall,fold2/class_7/f1-score,fold0/class_0/f1-score,fold2/class_5/recall,fold1/class_6/f1-score,fold3/class_4/precision,fold4/class_10/precision,fold4/class_3/f1-score,fold4/confusion_matrix,fold4/class_5/precision,fold2/class_2/recall,fold3/class_10/recall,fold4/class_0/precision,fold0/class_10/f1-score,fold3/class_0/precision,fold3/class_9/precision,fold4/class_9/precision,fold3/class_2/recall,fold3/class_10/precision,fold3/class_4/recall,fold4/class_2/recall,fold4/class_6/recall,fold0/class_5/precision,fold1/confusion_matrix,fold2/class_7/recall,fold1/class_10/recall,fold2/class_8/f1-score,fold3/class_3/f1-score,fold0/class_8/recall,fold1/class_3/recall,fold2/class_9/f1-score,fold0/class_0/recall,fold0/class_9/precision,fold1/class_8/precision,fold1/class_8/recall,fold0/class_8/f1-score,fold1/class_5/f1-score,fold0/class_2/f1-score,fold3/confusion_matrix,fold4/class_6/precision,fold1/class_0/f1-score,fold3/class_6/f1-score,fold0/class_7/recall,fold4/class_10/f1-score,fold1/class_1/precision,fold0/class_9/f1-score,fold2/class_9/recall,fold4/class_5/recall,_runtime,fold2/class_4/f1-score,_step,fold0/class_6/f1-score,fold2/class_5/precision,fold0/confusion_matrix,fold3/class_9/recall,fold3/class_8/recall,fold1/class_3/f1-score,fold1/class_9/recall,fold1/class_5/recall,fold1/class_10/precision,fold4/class_7/recall,fold0/class_4/recall,fold0/class_1/precision,fold2/class_2/f1-score,fold2/class_3/recall,fold3/class_10/f1-score,fold2/class_6/recall,fold0/class_1/f1-score,fold1/class_5/precision,fold2/class_2/precision,fold0/class_7/precision,fold4/class_2/f1-score,fold1/class_0/recall,fold3/class_7/recall,fold4/class_8/recall,fold3/class_5/recall,fold3/class_3/precision,fold4/class_9/f1-score,fold2/class_3/f1-score,fold4/class_0/recall,fold4/class_1/recall,fold0/class_4/precision,fold2/class_1/precision,fold2/confusion_matrix,fold2/class_8/recall,fold1/class_7/f1-score,fold4/class_8/f1-score,fold4/class_0/f1-score,fold1/class_6/precision,fold0/class_3/precision,fold0/class_6/recall,fold1/class_4/precision,fold4/class_9/recall,fold0/class_10/recall,fold0/class_8/precision,fold2/class_10/f1-score,fold1/class_4/f1-score,fold4/class_3/precision,fold0/class_4/f1-score,cv5/fold_metrics,fold3/class_9/f1-score,fold3/class_2/precision,fold1/class_1/f1-score,fold1/class_10/f1-score,fold0/class_3/recall,fold1/class_9/f1-score,fold0/class_10/precision,fold1/class_8/f1-score,fold4/class_8/precision,fold1/class_7/precision,fold3/class_7/f1-score,fold2/class_9/precision,fold2/class_8/precision,fold0/class_9/recall,fold3/class_2/f1-score,fold4/class_5/f1-score,fold3/class_7/precision,fold1/class_2/f1-score,fold0/class_5/recall,fold2/class_3/precision,fold0/class_5/f1-score,_timestamp,fold0/class_2/recall,fold4/class_1/precision,fold2/class_0/recall,fold3/class_3/recall,fold3/class_1/recall,fold1/class_9/precision,fold2/class_0/f1-score,fold4/class_4/precision,fold1/class_2/precision,fold4/class_1/f1-score,fold0/class_6/precision,fold0/class_0/precision,fold3/class_0/recall,fold3/class_0/f1-score,fold4/class_7/precision,fold2/class_10/precision,fold2/class_6/precision,fold3/class_5/precision,fold3/class_6/recall,fold1/class_2/recall,fold3/class_6/precision,fold3/class_5/f1-score,fold2/class_10/recall,fold3/class_1/f1-score,fold4/class_4/recall,fold3/class_8/precision,fold2/class_1/recall
,,,,,,,,,,,,,,,,,,,,,,,,,,,,,,,,,,,,,,,,,,,,,,,,,,,,,,,,,,,,,,,,,,,,,,,,,4195.316883594,,0,,,"{'_type': 'table-file', 'ncols': 12, 'path': 'media/table/fold0/confusion_matrix_0_2a485cd1f0430e101a2d.table.json', 'sha256': '2a485cd1f0430e101a2dfd6d155adeae8792fe0cdd1aa587e4a92f93fe509611', 'size': 559, 'artifact_path': 'wandb-client-artifact://3m5gyrdo2bj1ymh73auj53a4q3nurk9s2ru71349mahtlpvmka5lf4rvhkayzwnybaf4t4hapjxpiyxu9c329c65ki7rrkzbtxt8g0qtwj9fg88urkuqor5ce6a8azpx/fold0/confusion_matrix.table.json', '_latest_artifact_path': 'wandb-client-artifact://u3r71pip383xvjuz246m5lyai9qdwnyk3yv41dbl8ep8z9w62amkqpbcubit3juqz4i5r9g0pmcur36e2uov6vny55x32vu02g3uppohkj86de0h10llunzcz4mseqqs:latest/fold0/confusion_matrix.table.json', 'nrows': 11, 'log_mode': 'IMMUTABLE'}",,,,,,,,,,,,,,,,,,,,,,,,,,,,,,,,,,,,,,,,,,,,,,,,,,,,,,,,,,,,,,,,,,,,1770921343.8207324,,,,,,,,,,,,,,,,,,,,,,,,,,,
,,,,,,,,,,,,,,,,,,,,,,,,,,,0.9999244560838034,,,,,,,,,,,,,,,,,,,,,,,,,,,,,0.999974817426341,,,,,,,,,,,,,,,,,4195.318218963,,1,,,,,,,,,,,,,,,,,,,,,,,,,,,,,,,,,,,,,,,,,,,,,,,,,,,,,,,,,,,,,,,,,,,,,,,1770921343.8223035,,,,,,,,,,,,0.9998740998136677,,,,,,,,,,,,,,,
,,1,,,,,,,,,,,,,,,,,,,,,,,,,,,,,,,,,,,,,,,,,,,,,,,,,,,,,,,,,,,,,,,,,,,,,,,4195.318404966,,2,,,,,,,,,,,,1,,,,,1,,,,,,,,,,,,,,,,,,,,,,,,,,,,,,,,,,,,,,,,,,,,,,,,,,,,,,1770921343.8225076,,,,,,,,,,,,,,,,,,,,,,,,,,,
,,,,,,,,,,,,,,,,,,,,,,,0.9902200488997555,,,,,,,,,,,,,,,,,,,,,,,,,,,,,,,,,,,,,,,0.995085995085995,,,,,,,,,,,4195.31853697,,3,,,,,,,,,,,,,,,,,,,,,,,,,,,,,,,,,,,,,,,,,,,,,,,,,,,,,,,,,,,,,,,,,,,,,,,1770921343.8226721,1,,,,,,,,,,,,,,,,,,,,,,,,,,
,,,,,,,,,,,,,,,,,,,0.9994015559545183,,,,,,,,,,,,,,,,,,,,,,,,,,,,,,,,,,,,,,,,,,,,,,,,,,,,,,4195.318644225,,4,,,,,,,,,,,,,,,,,,,,,,,,,,,,,,,,,,,,,,,0.9988038277511961,,,,,,,,,,,,,,,1,,,,,,,,,,,,,,,,,1770921343.822824,,,,,,,,,,,,,,,,,,,,,,,,,,,
,,,,,,,,,,,,,,,,,,,,,,,,,,,,,,,,,,,,,,,,,,,,,,,,,,,,,,,,,,,,,,,,,,,,,,,,,4195.318845519,,5,,,,,,,,,,,1,,,,,,,,,,,,,,,,,,,,0.9984152139461173,,,,,,,,,,,,,,,,,0.9992069785884219,,,,,,,,,,,,,,,,,,,,,,,1770921343.822966,,,,,,,,,,,,,,,,,,,,,,,,,,,
,,,,,,,,,,,,,,,,,,,,,,,,,,,,,,,,,,,,,,,,,,,,,,,1,,,,,,,,,,,,,,,,,,,,,,,,,,4195.318912864,,6,,,,,,,,,,,,,,,,,,,,,,,,,,,,,,,,,,,,,,,,,,,,,,,,,,,,,,,,,,,,,,,,,,,,1,,1,1770921343.82311,,,,,,,,,,,,,,,,,,,,,,,,,,,
,,,,,,,,,,,,,,,,,,,,,,,,,,,,,,,,,,,,,,,,,,,,,,,,,,,,,,,,,,,,,,,,,,,,,,,,,4195.319056042,,7,0.9993373094764745,,,,,,,,,,,,,,,,,,,,,,,,,,,,,,,,,,,,,,,0.9986754966887417,,,,,,,,,,,,,,,,,,,,,,,,,,,,,,,1770921343.8232384,,,,,,,,,,,1,,,,,,,,,,,,,,,,
,,,,0.9963636363636363,,,,,,,,,,,,,,,,,,,,,,,,,,,,,,,,,,,,,,,,,,,,,,,,,,,,,,,,,,,,,,,0.9927536231884058,,,,,,4195.31922481,,8,,,,,,,,,,,,,,,,,,,,1,,,,,,,,,,,,,,,,,,,,,,,,,,,,,,,,,,,,,,,,,,,,,,,,,,,1770921343.823376,,,,,,,,,,,,,,,,,,,,,,,,,,,
,,,,,,,,,,,,,,,,,,,,,,,,,,,,,,,,,,,,,,,,,,,,,,,,,,,,,1,,,,,,,0.9962546816479401,,,,,,,,,,,,,4195.319326514,,9,,,,,,,,,,,,,,,,,,,,,,,,,,,,,,,,,,,,,,,,,,,,0.9925373134328358,,,,,,,,,,,,,,,,,,,,,,,,,,,1770921343.8235028,,,,,,,,,,,,,,,,,,,,,,,,,,,
,,,,,,,,,,,,,,,,,,,,,,,,,,,,,,,,,,,,,,,,,,,,,,,,,,,,,,,,,1,,,,,,,,,,,,,0.998109640831758,,,4195.319424951,,10,,,,,,,,,,,,,,,,,,,,,,,,,,,,,,,,,,,,,,,,,,,,,,,,,,,,,,,,,,,,,,,0.9962264150943396,,,,,,,,1770921343.823628,,,,,,,,,,,,,,,,,,,,,,,,,,,
,,,,,,,,,,,,,,,,,,,,,,,,,,,,,,,,,,,,,,0.9974413646055437,,,,,,,,,,,,,,,,,,,,,,,,,,,,,,,,,,,4195.319542076,,11,,,,,,,,,,,,,,,,,,,,,,,,,,,,,,,,,,,,,,,,,,,0.9953191489361702,,,,,,,,,,,,,0.9995726495726496,,,,,,,,,,,,,,,1770921343.823746,,,,,,,,,,,,,,,,,,,,,,,,,,,
,,,,,,,,,,,,,,,,,,,,,,,,,,,,,,,,,,,,,,,,,,,,,,,,"{'size': 559, 'ncols': 12, 'log_mode': 'IMMUTABLE', 'artifact_path': 'wandb-client-artifact://fuqh9no530dy1nupib0okspqtiapj4hqdbiidtcjljc132hthubb8zw091lypi9928l069bvtecosbj461bpmlgn0s5s612844bmr082s5oygd3v21kozpydltzh2je5/fold1/confusion_matrix.table.json', '_latest_artifact_path': 'wandb-client-artifact://06h8dvoayjb0qmds2cubaq8q24szhp6xm9dv0j7kvydmgeiz5olntc275idrzghsyvjmr79jpp7yvhsj34kkbtqx2hcvzma79soewok992vwyy65zl7tg7kb7quch8sp:latest/fold1/confusion_matrix.table.json', 'nrows': 11, '_type': 'table-file', 'sha256': '74684ba6c4fd3b9678acb3823e5d389ce4f482997efe2231078a008c33619d09', 'path': 'media/table/fold1/confusion_matrix_12_74684ba6c4fd3b9678ac.table.json'}",,,,,,,,,,,,,,,,,,,,,,,,,4826.518992596,,12,,,,,,,,,,,,,,,,,,,,,,,,,,,,,,,,,,,,,,,,,,,,,,,,,,,,,,,,,,,,,,,,,,,,,,,1770921975.0229347,,,,,,,,,,,,,,,,,,,,,,,,,,,
,,,,,,,,,,,,,,,,,,0.9999244522790229,,,,,,,,,,,,,,,,,,,,,,,,,,,,,,,,,,,,,,,,,,,,,,,0.9999244522790229,,,,,,,,4826.520511553,,13,,,,,,,,,,,,,,,,,,,,,,0.9999244522790229,,,,,,,,,,,,,,,,,,,,,,,,,,,,,,,,,,,,,,,,,,,,,,,,,1770921975.024488,,,,,,,,,,,,,,,,,,,,,,,,,,,
,0.9988095238095238,,,,,,,,,,,,,,,,,,,,,,,,,,,,,,,,,,,,,,,,,,,,,,,,,,,,,,,,,,,,,,,,,,,,0.9952550415183867,,,,4826.520860032,,14,,,,,,,,,,,,,,,,,,,,,,,,,,,,,,,,,,,,,,,,,,,,,,,,,,,,0.9970291146761735,,,,,,,,,,,,,,,,,,,1770921975.0248413,,,,,,,,,,,,,,,,,,,,,,,,,,,
,,,,,,,,,,,,,,,,,,,,,,,,,,,,,,,,,,,,,,,,,,,,,,,,,,,,,,,,,,,,,,,,,,,,,,,,,4826.521080825,,15,,,,,,,,,,,,,,,,,,,,,,,,,,,,,,,,,,,,,,,,,,,,,,,,,,,,,,,,,,,,,,,,,,,0.9986033519553073,,,,1770921975.025162,,,,,,,,,0.99721059972106,,,,,,,,,,,1,,,,,,,
,,,,,,,,,,,,,,,,,,,,,,,,0.9987421383647799,,,,,,,,,,,,,,,,,,,,,,,,,,,,,,0.9987421383647799,,,,,,,,,,,,,,,,,,,4826.521233712,,16,,,,,,0.9987421383647799,,,,,,,,,,,,,,,,,,,,,,,,,,,,,,,,,,,,,,,,,,,,,,,,,,,,,,,,,,,,,,,,,1770921975.025398,,,,,,,,,,,,,,,,,,,,,,,,,,,
,,,,,,,,,,,,,,,,,,,,,,,,,1,,,,,,,,,,,,,,,,,,,,,,,,,,,,,,,,,,,,,,,,,,,,,,,,4826.521398322,,17,,,,,,,,,,,,,,,,,,,,,,,,,,,,,,,,,,,,,,,,,1,,,,,1,,,,,,,,,,,,,,,,,,,,,,,,,1770921975.0255623,,,,,,,,,,,,,,,,,,,,,,,,,,,
,,,,,,,,,,,,,,,,,,,,,,,,,,,,,,,,,,,,,,,,,,,,,,,,,,,,,,,,,,,,,0.9968294229549778,,,,,,,,,,,,4826.521561981,,18,,,,,,,,0.9949367088607595,,,,,,,,,,0.9987293519695044,,,,,,,,,,,,,,,,,,,,,,,,,,,,,,,,,,,,,,,,,,,,,,,,,,,,,1770921975.0257287,,,,,,,,,,,,,,,,,,,,,,,,,,,
,,,,,1,,,,,,,,,,,,,,,,,,,,,,,,0.9991809991809992,,,,,,,,,,,,,,,,,,,,,,,,,,,,,,,,,,,,,,,,,,,,4826.521731891,,19,,,,,,,,,,,,,,,,,,,,,,,,,,,,,,,,,,,,,,0.9983633387888707,,,,,,,,,,,,,,,,,,,,,,,,,,,,,,,,,1770921975.0258875,,,,,,,,,,,,,,,,,,,,,,,,,,,
0.9958333333333333,,,,,,,,,,,,,,,,,,,,,,,,,,,,,,,,,,,,,,,,,,,,,,,,,,,,,,,,,,,,,,,,,,,,,,,,,4826.521885981,,20,,,,,,,,,,,,,,,,,,,,,,,,,,,,,,,,,,,0.9979123173277662,,,,,,,,,,,,,,,,,,,,,,,,1,,,,,,,,,,,,1770921975.0260541,,,,,,,,,,,,,,,,,,,,,,,,,,,
,,,,,,,,,,,,,,,,,,,,,,,,,,,,,,,,,,,,,,,,,,,,,,,,,,,,,,,,,,1,0.9962264150943396,,,,,,,,,,,,,,4826.522070471,,21,,,,,,,,,,,,,,,,,,,,,,,,,,,,,,,,,,,,,,,,,,,,,,,,,,,,,,,,,0.998109640831758,,,,,,,,,,,,,,1770921975.0262108,,,,,,,,,,,,,,,,,,,,,,,,,,,
,,,,,,,,,,,,,,,,,,,,,,,,,,,,,,,,,,,,,,,,,,,,,,,,,,,,,,,,,,,,,,,,,,,,,,,,,4826.522195812,,22,,,,,,,0.9986842105263158,,,,,,,,,,,,,,,,,,,,,,,,,,,,,,,,,,,,,,,,,,,,,,,,0.9973718791064389,,,,,,,,,,,,,,,,1770921975.0263681,,,,,,0.9960629921259843,,,,,,,,,,,,,,,,,,,,,
,,,,,,,,,,,,,,,,,,,,,,,,,,,,,,,,,,,,,,,,,,,,,,,,,,0.9986486486486487,,,,,,,,,,,,,,,,,,,,,,,4826.522320202,,23,,,,,,,,,0.9981990094552003,,,,,,,,,,,,,,,,,,,,,,,,,,,,,,,,,,,,,,,,,,,,0.9984237784282819,,,,,,,,,,,,,,,,,,1770921975.0265045,,,,,,,,,,,,,,,,,,,,,,,,,,,
,,,,,,,,,,,,,,,,,,,,,,,,,,,,,,,,,,,,,,,,,,,,,,,,,,,,,,,,,,,,,,,,,,,,,,,,,5300.753395505,,24,,,,,,,,,,,,,,,,,,,,,,,,,,,,,,,,,"{'log_mode': 'IMMUTABLE', '_type': 'table-file', 'ncols': 12, '_latest_artifact_path': 'wandb-client-artifact://pdtvqbew126zxyy09zwewlxy5glghwh5m1tpfws6mvwjfjx1ggowxti21gd56o3d78iq6ls7r2x65gyyeofz4d2vd87p31n0lo0ldt7yu97j7k1zkc80ze7ch1o95vkn:latest/fold2/confusion_matrix.table.json', 'sha256': '92bb7589d67a3d89bedf8febc05ca40be6ffd2847ae74d1ce6af968d60ea66c3', 'nrows': 11, 'artifact_path': 'wandb-client-artifact://5q1anoe885jg76vnzc551yrkwn4107y1kagkz9uar26y7ud51dnjukznffjqizx75bqxn8v4oxayxesiw1z0bscwu5z7te7f3xxwp2ymlqvn23wpeh4ke9iv1a4id6n5/fold2/confusion_matrix.table.json', 'path': 'media/table/fold2/confusion_matrix_24_92bb7589d67a3d89bedf.table.json', 'size': 559}",,,,,,,,,,,,,,,,,,,,,,,,,,,,,,,,,,,,,,1770922449.257303,,,,,,,,,,,,,,,,,,,,,,,,,,,
,,,0.9996724780812254,,,,,,,,,,,,,,,,,,,,,,,,,,,,,,,,,,,,,,,,,,,,,,,,,,,,,,,,,,,,,,,,,,,,,,5300.755408723,,25,,,,,,,,,,,,,,,,,,,,,,,,,,,,,,,,,,,,,,,,,,,,,,,,,,,,,,,,,,,,,,,,,,,,,,,1770922449.2594059,,,0.9997732312033865,,,,0.9997228521038045,,,,,,,,,,,,,,,,,,,,
,,,,,,,,,,,,,,,0.9979743416610398,,,,,,,,,,,,,,,,,,,,,,,,,,,,,,,,,,,,,,,,,,,,,,,,,,,,,,,,,,5300.755596971,,26,,,,,,,,,,,,,,,,,,,,,,,,,,,,,,,,0.9973009446693657,,,,,,,,,,,,,,,,,,,,,,,,,,,,,,,,,,,,,,,1770922449.2596908,,,,,,,,,,,,,,,,,,,,,,,,,,,0.9986486486486487
,,,,,,,,,,,,,,,,,,,,,,,,,,,,,,,,,,,0.9935897435897436,,,,,,,,,,,,,,,,,,,,,,,,,,,,,,,,,,,,,,5300.755819327,,27,,,,,,,,,,,,,0.9904153354632588,,,,,,0.9872611464968153,,,,,,,,,,,,,,,,,,,,,,,,,,,,,,,,,,,,,,,,,,,,,,,,,,,,1770922449.2599103,,,,,,,,,,,,,,,,,,,,,,,,,,,
,,,,,,,,,,,,,,,,,,,,,,,,,,,,,,,,,,,,,,,,,,,,,,,,,,,,,,,,,,,,,,,,,,,,,,,,,5300.756001493,,28,,,,,,,,,,,,,,1,,,,,,,,,,,,,,0.9962640099626401,,,,,,,,,,,,,,,,,,,,,,,,,,,,,,,,,,,,,,,,,0.9925558312655087,,1770922449.260135,,,,,,,,,,,,,,,,,,,,,,,,,,,
,,,,,,,,,,1,,,0.9949367088607595,,,,,,,,,,,,,,,,,,,,,,,,,,,,,,,,,,,,,,,,,,,,,,,,,,,,,,,,,,,,5300.756186253,0.9974619289340102,29,,,,,,,,,,,,,,,,,,,,,,,,,,,,,,,,,,,,,,,,,,,,,,,,,,,,,,,,,,,,,,,,,,,,,,,1770922449.2603323,,,,,,,,,,,,,,,,,,,,,,,,,,,
,,,,,,,,,,,,0.9966420416386836,,,,,,,,,,,,,,,,0.9959731543624161,,,,,,,,,,,,,,,,,,,,,,,,,,,,,,,,,,,,,,,,,,,,,5300.756319,,30,,0.9973118279569892,,,,,,,,,,,,,,,,,,,,,,,,,,,,,,,,,,,,,,,,,,,,,,,,,,,,,,,,,,,,,,,,,,,,,1770922449.2605112,,,,,,,,,,,,,,,,,,,,,,,,,,,
,,,,,,0.9955835962145111,,,,,,,,,,,,,,,,,,,,,,,,,,,,,,,,,,,,,,,,,,,,,,,,,,,,,,,,,,,,,,,,,,,5300.756452698,,31,,,,,,,,,,,,,,,,0.9987341772151899,,,,,,,,,,,,,,,,,,,,,,,,,,,,,,,,,,,,,,,,,,,,,,,,,,,,,,,1770922449.260645,,,,,,,,,,,,,,,,,0.9924528301886792,,,,,,,,,,
,,,,,,,,,,,,,,,,0.9985569985569985,,,,,,,,,,0.9935391241923905,,,,,,,,,,,,,,,,,,,,,,,0.9885714285714285,,,,,,,,,,,,,,,,,,,,,,,,5300.756573811,,32,,,,,,,,,,,,,,,,,,,,,,,,,,,,,,,,,,,,,,,,,,,,,,,,,,,,,,,,,,,,,,,,,,,,,,,1770922449.2607763,,,,,,,,,,,,,,,,,,,,,,,,,,,
,,,,,,,,,,,,,,,,,,,,,,,,,,,,,,,,,,,,,,,,,,,,,,,,,,,0.9960159362549801,,,,,,,,,,,,,,,,,,,,,,5300.756721096,,33,,,,,,,,,,,,,,,,,,,,,,,,,,,,,,,,,,0.9933774834437086,,,,,,,,,,,,,,,,,,,,,,,,,,,,0.9986684420772304,,,,,,,,,1770922449.2609034,,,,,,,,,,,,,,,,,,,,,,,,,,,
,,,,,,,,,,,,,,,,,,,,,,,,,,,,,,,,,,,,,,,,,,,,,,,,,,,,,,,0.9985507246376811,,,,,,,,,,,,,,,,0.9985507246376811,,5300.75684275,,34,,,,,,,,,,,,,,,,,,,,,,,,,,,,,,,,,,,,,,,,,,,,,,,,,,,,,,,,,,,,,0.9985507246376811,,,,,,,,,,1770922449.2610373,,,,,,,,,,,,,,,,,,,,,,,,,,,
,,,,,,,,,,,,,,,,,,,,,,,,,,,,,,,,,,,,,,,,,,,,,,,,,,,,,,,,,,,,,,,,,,,,,,,,,5300.756971539,,35,,,,,,,,,,,,,,,,,,,,,,,,,,,,,,,,,,,,,,,,,,,,,0.9975308641975309,,,,,,,,,,,,,,,,,,,,,,,,,,1770922449.2611723,,,,,,,,,,,,,,,,0.9986516853932584,,,,,,,0.9964125560538116,,,,
,,,,,,,,,,,,,,,,,,,,,,,,,,,,,,,,,,,,,,,,,,,,,,,,,,,,,,,,,,,,,,,"{'_latest_artifact_path': 'wandb-client-artifact://dnfrw71tchphy42iss2m1wpjz6nr6zz2k4lld5njq04o2egiynq7dcrhg2z8k35bn60cxiyuvoobv1gtufzgslpv9wqji9iassvp3jc665li1v41axgrkj63lafp6d1u:latest/fold3/confusion_matrix.table.json', 'ncols': 12, 'sha256': '3d9b85e481c51016981ea02828593780fc0527e4964c5e6003e73cc6e365bc37', '_type': 'table-file', 'log_mode': 'IMMUTABLE', 'size': 559, 'nrows': 11, 'artifact_path': 'wandb-client-artifact://0wg5pag7pt1f1ygjiljv3h1qb0rbcclftwh6vugsu33ecuud71ks5kheulhwt8fccejbny7i9q9zkyjzi02t34m7ppmcyyidp9kdcf06engs35ftym8v50frecxm8892/fold3/confusion_matrix.table.json', 'path': 'media/table/fold3/confusion_matrix_36_3d9b85e481c51016981e.table.json'}",,,,,,,,,,5806.945378304,,36,,,,,,,,,,,,,,,,,,,,,,,,,,,,,,,,,,,,,,,,,,,,,,,,,,,,,,,,,,,,,,,,,,,,,,,1770922955.4494283,,,,,,,,,,,,,,,,,,,,,,,,,,,
,,,,,,,,,,,,,,,,,,,,,,,,,,,,,,,,,,,,,,,0.9998740205094611,,,,,,,,,,,,,,,,,,,,,,,,,,,,,,,,,,5806.94650308,,37,,,,,,,,,,,,,,,,,,,,,,,,,,,,,,,,,,,,,,,,,,,,,,,,,,,,,,,,,,,,,,,,,,,,,,,1770922955.4505892,,,,,,,,,,,,,0.9998992138681717,0.999886617030122,,,,,,,,,,,,,
,,,,,,,,,,,0.9961977186311787,,,,,,,,,,,,,,,,,,,,,,,,,,,,,,,,,,,,,,,,,,,,,,,,,,,,,,,,,,,,,,5806.946685817,,38,,,,,,,,,,,,,,,,,,,,,,,,,,,,,,,,,,,,,,,,,,,,,,,,,,,,,,,,,,,,,,,,,,,,,,,1770922955.4508214,,,,,0.9949367088607595,,,,,,,,,,,,,,,,,,,0.9955668144395187,,,
,,,,,,,,,,,,,,,,,,,,,,,,,,,,,,,,,,,,,,,,,,1,,,,,,,,,,,,,,,,,,,,,,,,,,,,,,,5806.946854686,,39,,,,,,,,,,,,,,,,,,,,,,,,,,,,,,,,,,,,,,,,,,,,,,,,,,,0.9932432432432432,,,,,,,,,,,,,0.9966101694915255,,,,,,,1770922955.4510012,,,,,,,,,,,,,,,,,,,,,,,,,,,
,,,,,,,,,,,,,,,,,,,,,,,,,,,,,,,,,,,,,,,,,,,,,,,,,,,,0.9951557093425606,,,,,,,,,,,,,,,,,,,,,5806.946989015,,40,,,,,,,,,,,,,,,,,,,,,,,,,,0.9917241379310345,,,,,,,,,,,,,,,,,,,,,,,,,,,,,,,,,,,,,,,,,,,,,1770922955.4511666,,,,0.9986111111111111,,,,,,,,,,,,,,,,,,,,,,,
,,,,,,,,,,,,,,,,,,,,0.9962406015037594,,,,,,,,,,0.9987437185929648,,,,,,,,,,,,,,0.99375,,,,,,,,,,,,,,,,,,,,,,,,,,,,,5806.94711603,,41,,,,,,,,,,,,,,,,,,,,,,,,,,,,,,,,,,,,,,,,,,,,,,,,,,,,,,,,,,,,,,,,,,,,,,,1770922955.4513078,,,,,,,,,,,,,,,,,,,,,,,,,,,
,,,,,,,,,,,,,,,,,,,,,,,,,,,,,,,,,,,,,,,,,,,,,,,,,,,,,,,,,,,,,,,,,,,,,,,,,5806.947255159,,42,,,,,,,,,,,,,,,,,,,,,,,,,0.9987261146496815,,,,,,,,,,,,,,,,,,,,,,,,,,,,,,,,,,,,,,,,,,,,,,1770922955.4514465,,,,,,,,,,,,,,,,,,1,,,,0.9993626513702996,,,,,
,,,,,,,,,,,,,,,,,,,,,,,,,,,,,,,,,,,,,,,,,,,,,,,,,,,,,,,,,,,,,,,,,,1,,,,,,,5806.947381603,,43,,,,,,,,,,,,,,,,,,,,,,,,,,,,,,,,,,,,,,,,,,,,,,,,,,,,,,,,,,,,,,,,,,,,,,,1770922955.451581,,,,,,,,,,,,,,,,,,,1,,1,,,,,,
,,,,,,,,,,,,,,,,,,,,,,,,,,,,,,,,,,,,,,,,,,,,,,,,,,,,,,,,,,,,,,,,,,,,,,,,,5806.947513427,,44,,,,,,,,,,,,,,,,,,,,,,,0.9944827586206897,,,,,,,,,,,,,,,,,,,,,,,,,,,,,,,,,,,,,0.9931129476584022,,,,,,0.9917469050894085,,,,,1770922955.4517145,,,,,,,,,,,,,,,,,,,,,,,,,,,
,,,,,,,,0.9987261146496815,,,,,,,,,,,,,,,,,,,,,,,,,,,,,,,,,,,,,,,,,,,,,,,,,,,,,,,,,,,,,,,,,5806.9476392,,45,,,,,0.9987261146496815,,,,,,,,,,,,,,,,,,,,,,,,,,,,,,,,,,,,,,,,,,,,,,,,,,,,,,,,,,,,,,,,,,1770922955.4518428,,,,,,,,,,,,,,,,,,,,,,,,,,0.9987261146496815,
,,,,,,,,,,,,,,,,,,,,,,,,,,,,,,,,,,,,,,,,1,,,,,,,,,,,,,,,,,,,,,,,,,,,,,,,,,5806.947776505,,46,,,,0.9939849624060151,,,,,,,,,,,,,,,,,,,,,,,,,,,,,,,,,,,,,,,,,,,,,,0.9969834087481146,,,,,,,,,,,,,,,,,,,,,1770922955.4519706,,,,,,,,,,,,,,,,,,,,,,,,,,,
,,,,,,,,,,,,,,,,,,,,,,,,,,,,,,,,,,,,0.9972972972972973,,,,,,,0.9986468200270636,,,,,,,,,,,,,,,,,,,,,,,,,,,,,,5806.947906696,,47,,,,,,,,,,,,,,,0.9979716024340771,,,,,,,,,,,,,,,,,,,,,,,,,,,,,,,,,,,,,,,,,,,,,,,,,,,,,,,,1770922955.452099,,,,,,,,,,,,,,,,,,,,,,,,,,,
,,,,,,,,,,,,,,,,,,,,,,,,,,,,,,,,,"{'path': 'media/table/fold4/confusion_matrix_48_21a82e9aa5471e08d30e.table.json', 'sha256': '21a82e9aa5471e08d30e2b35f0922ed860603f2d2f81ed6fdabd31a5813217a9', 'ncols': 12, 'log_mode': 'IMMUTABLE', 'artifact_path': 'wandb-client-artifact://ryqf0tejlf695wjlvfbgaa9bhm1ywn58jeptelgvco4mimmf80ejcg7os9wznh9flp4n8lruzyizg3c5l9yxfs2ti6qjs8erst9r6afabvtcfcs9vi398l88mgthqbso/fold4/confusion_matrix.table.json', 'nrows': 11, 'size': 559, '_type': 'table-file', '_latest_artifact_path': 'wandb-client-artifact://rxfeklzvtzfsivdee7vbimcc63mpidf9w2wmjxdg2awp4laxrnp0j3dhyytgarca4ymmwokx7emrl98cuyeikk07xoirn7erwflnqa5hms2k4tgz4113ggtzifnsbmav:latest/fold4/confusion_matrix.table.json'}",,,,,,,,,,,,,,,,,,,,,,,,,,,,,,,,,,,,,,,,6439.227296895,,48,,,,,,,,,,,,,,,,,,,,,,,,,,,,,,,,,,,,,,,,,,,,,,,,,,,,,,,,,,,,,,,,,,,,,,,1770923587.7312834,,,,,,,,,,,,,,,,,,,,,,,,,,,
,,,,,,,,,,,,,,,,,,,,,,,,,,,,,,,,,,,,,0.9998740205094611,,,,,,,,,,,,,,,,,,,,,,,,,,,,,,,,,,,,6439.228930864,,49,,,,,,,,,,,,,,,,,,,,,,,,,,,,,0.9998992138681717,,,,,,,,0.999886617030122,,,,,,,,,,,,,,,,,,,,,,,,,,,,,,,,,,1770923587.7328877,,,,,,,,,,,,,,,,,,,,,,,,,,,
,,,,,,,,,,,,,,,,,,,,,,,,,,,,,,,,,,,,,,,,,,,,,,,,,,,,,,,,,,,,,,,,,,,,,,,,,6439.229166095,,50,,,,,,,,,,,,,,,,,,,,,,,,,,,,,,1,,,,,,,,,,,,,,,,,,,,,,,,,,,,,,,,,,,,,,,,,1770923587.7332573,,0.9960159362549801,,,,,,,,0.998003992015968,,,,,,,,,,,,,,,,,
,,,,,,,,,,,,,,,,,,,,,0.9986206896551724,,,,,,,,,,,,,,,,,,,,,,,,0.9986206896551724,,,,,,,,,,,,,,,,,,,,,,,,,,,,6439.229416478,,51,,,,,,,,,,,,,,,,,,,,,0.9986206896551724,,,,,,,,,,,,,,,,,,,,,,,,,,,,,,,,,,,,,,,,,,,,,,,,,,1770923587.7334976,,,,,,,,,,,,,,,,,,,,,,,,,,,
,,,,,,,,,,,,,,,,,0.9969465648854962,,,,,,,,,,,,,,,0.9969465648854962,,,,,,,,,,,,,,,,,,,,,,,,,,,,,,,,,,,,,,,,,6439.229558693,,52,,,,,,,,,,,,,,,,,,,,,,,,,,,,,,,,,,,,,,,,,,,,,,,0.9969465648854962,,,,,,,,,,,,,,,,,,,,,,,,1770923587.7337081,,,,,,,,,,,,,,,,,,,,,,,,,,,
,,,,,,,,,,,,,,0.9983974358974359,,,,,,,,,,,,,,,,,,,,,,,,,,,,,,,,,,,,,,,,,,,,,,,,,,,,,,,,,,,6439.229803063,,53,,,,,,,,,,,,,,,,,,,,,,,,,,,,,,,,,,,,,,,,,,,,,,,,,,,,,,,,,,,,,,,,,,,,,,,1770923587.733909,,,,,,,,1,,,,,,,,,,,,,,,,,0.9968,,
,,,,,,,,,,,,,,,,,,,,,,,,,,,,,,,,,,1,,,,,,,,,,,,,,,,,,,,,,,,,,,,,,,,,,,,,,0.9946666666666667,6439.230027493,,54,,,,,,,,,,,,,,,,,,,,,,,,,,,,,,,,,,,,,,,,,,,,,,,,,,,,,,,,,,,,,,,,,0.9973262032085561,,,,,,1770923587.7341306,,,,,,,,,,,,,,,,,,,,,,,,,,,
,,,,,,,,,,,,,,,,,,,,,,0.9975609756097561,,,,,,,,,,,,,,,,,,,,,,,,0.9975609756097561,,,,,,,,,,,,,,,,,,0.9975609756097561,,,,,,,,,6439.230189579,,55,,,,,,,,,,,,,,,,,,,,,,,,,,,,,,,,,,,,,,,,,,,,,,,,,,,,,,,,,,,,,,,,,,,,,,,1770923587.7343464,,,,,,,,,,,,,,,,,,,,,,,,,,,
,,,,,,,,,0.9974651457541192,,,,,,,,,,,,,,,,,,,,,,,,,,,,,,,,,,,,,,,,,,,,,,,,,,,,,,,,,,,,,,,,6439.230396935,,56,,,,,,,,,,0.9962025316455696,,,,,,,,,,,,,,,,,,,,,,,,,,,,,,,,,,,,,,,,,,,,,,,,,,,,,,,,,,,,,1770923587.734539,,,,,,,,,,,,,,,0.998730964467005,,,,,,,,,,,,
,,,,,,,,,,,,,,,,,,,,,,,,,,,,,,,,,,,,,,,,,,,,,,,,,,,,,,,,,,,,,,,,,,,,,,,,,6439.230596786,,57,,,,,,,,,,,,,,,,,,,,,,,,1,,,,,,,,,,,,0.9987437185929648,,,,,,,,,,,,,,,,,,,,,,0.9974905897114178,,,,,,,,,,,,,1770923587.7347333,,,,,,,,,,,,,,,,,,,,,,,,,,,
,,,,,,,,,,,,,,,,,,,,,,,,,,,,,,,,,,,,,,,,,1,,,,,,,,,,,,,,,,,,,,,,,,,,,,,,,,6439.230782598,,58,,,,,,,,,,,,,,,,,,,,,,,,,,,0.9986910994764397,,,,,,,,,,,,,,,0.9973856209150327,,,,,,,,,,,,,,,,,,,,,,,,,,,,,1770923587.7349226,,,,,,,,,,,,,,,,,,,,,,,,,,,
,,,,,,,1,,,,,,,,,,,,,,,,,,,,,,,,0.998297147722435,,,,,,,,,,,,,,,,,,,,,,,,,,,,,,,,,,,,,0.9991478483170004,,,,,6439.231013111,,59,,,,,,,,,,,,,,,,,,,,,,,,,,,,,,,,,,,,,,,,,,,,,,,,,,,,,,,,,,,,,,,,,,,,,,,1770923587.7351303,,,,,,,,,,,,,,,,,,,,,,,,,,,
,,,,,,,,,,,,,,,,,,,,,,,,,,,,,,,,,,,,,,,,,,,,,,,,,,,,,,,,,,,,,,,,,,,,,,,,,6439.461318411,,60,,,,,,,,,,,,,,,,,,,,,,,,,,,,,,,,,,,,,,,,,,,,,,,,,"{'ncols': 9, 'log_mode': 'IMMUTABLE', '_latest_artifact_path': 'wandb-client-artifact://f1vhvkngo8jrurlgjyw0mwutotdnfxfrhug4ss2u3hlwmry3343az20t3p1t6a6k5jhjhtuws53xblhz5cnan5elitcbhpbc4n6kmtsdcn96qwgsrvw3gk496b1ueetl:latest/cv5/fold_metrics.table.json', 'nrows': 5, 'path': 'media/table/cv5/fold_metrics_60_26cf5cae440b976d1c73.table.json', 'artifact_path': 'wandb-client-artifact://yamdrojz6j1256ijwm8ppdzhb2zrz9wfcw4ipl2pwr6jw4svgmpkuzk5immv1j91ltktjl7vgiiky3mh84okw4t4cgwwnrknjk8lo4bsrtaf0d2zvvkq9mg1g2iq3htr/cv5/fold_metrics.table.json', 'size': 795, 'sha256': '26cf5cae440b976d1c73faf43845bcf26766a8ad10304f5fde12a3c4278cc914', '_type': 'table-file'}",,,,,,,,,,,,,,,,,,,,,,1770923587.9653404,,,,,,,,,,,,,,,,,,,,,,,,,,,
