fold2/class_0/precision,fold4/class_1/recall,fold4/class_3/recall,fold4/class_2/f1-score,fold3/class_0/precision,fold0/class_3/recall,fold3/class_1/recall,fold3/class_3/f1-score,fold1/class_2/f1-score,_step,fold0/class_2/f1-score,fold1/class_1/recall,fold0/class_0/f1-score,cv5/fold_metrics,fold4/class_2/recall,fold2/class_0/recall,fold1/class_0/precision,fold0/class_2/precision,fold1/class_0/f1-score,_timestamp,fold3/class_3/recall,fold3/confusion_matrix,fold0/confusion_matrix,fold2/class_0/f1-score,fold2/confusion_matrix,fold1/class_3/f1-score,fold2/class_3/precision,fold3/class_1/f1-score,fold2/class_1/recall,fold0/class_1/precision,fold4/class_2/precision,fold4/class_3/f1-score,fold4/confusion_matrix,fold2/class_1/precision,fold3/class_2/recall,fold0/class_1/f1-score,fold2/class_1/f1-score,fold3/class_2/precision,fold1/class_3/precision,fold3/class_1/precision,fold2/class_2/recall,fold4/class_1/f1-score,fold0/class_0/precision,fold0/class_3/precision,fold2/class_3/recall,fold0/class_1/recall,fold3/class_0/f1-score,fold3/class_3/precision,fold0/class_0/recall,fold1/class_2/recall,fold3/class_2/f1-score,fold1/class_3/recall,fold4/class_1/precision,fold4/class_0/recall,fold2/class_2/f1-score,fold0/class_2/recall,_runtime,fold4/class_0/f1-score,fold1/class_1/f1-score,fold4/class_3/precision,fold1/class_0/recall,fold2/class_3/f1-score,fold2/class_2/precision,fold4/class_0/precision,fold1/confusion_matrix,fold1/class_1/precision,fold1/class_2/precision,fold0/class_3/f1-score,fold3/class_0/recall
,,,,,,,,,0,,,,,,,,,,1770934568.2521832,,,"{'_latest_artifact_path': 'wandb-client-artifact://efgdcqnmsfn5jf5lh2n1kq1yx1nqe0zw5iqly97alpd5rrxefu3ax9gu50exncwgs3aybcyvwyg1putm9tpsuc7klfte0u9lynlp77wjh3shd123hwzhqoc5tbwofbtw:latest/fold0/confusion_matrix.table.json', 'artifact_path': 'wandb-client-artifact://2tm2s9cqiw1axl3mzylae4r0w6k4m586vi6h9pvqh6vv92qu835p2q4w1m4ilv9xz7unm0o1isviz6zjzpklgnneh2yjntvez53edzyy3b14y48n4ytgxto3ddwjvzgr/fold0/confusion_matrix.table.json', '_type': 'table-file', 'ncols': 5, 'sha256': 'c95509c415638c0159ba7acbcf6b89f6c1c0f89b4a4edff28b1b345b6deb9f82', 'log_mode': 'IMMUTABLE', 'path': 'media/table/fold0/confusion_matrix_0_c95509c415638c0159ba.table.json', 'size': 146, 'nrows': 4}",,,,,,,,,,,,,,,,,,,,,,,,,,,,,,,,,,4615.552232201,,,,,,,,,,,,
,,,,,,,,,1,,,0.9981981981981982,,,,,,,1770934568.2543008,,,,,,,,,,,,,,,,,,,,,,,0.9971202303815695,,,,,,0.9992784992784993,,,,,,,,4615.554130325,,,,,,,,,,,,
,,,,,,,,,2,,,,,,,,,,1770934568.254758,,,,,,,,,,0.9987649238369699,,,,,,0.9967132292522597,,,,,,,,,,0.994669946699467,,,,,,,,,,,4615.554422506,,,,,,,,,,,,
,,,,,,,,,3,0.998750669284312,,,,,,,0.9994641900339346,,1770934568.2550068,,,,,,,,,,,,,,,,,,,,,,,,,,,,,,,,,,,,0.9980381665774924,4615.554588295,,,,,,,,,,,,
,,,,,0.9981167608286252,,,,4,,,,,,,,,,1770934568.2551663,,,,,,,,,,,,,,,,,,,,,,,,0.9958662157083803,,,,,,,,,,,,,4615.554724917,,,,,,,,,,,0.9969902182091799,
,,,,,,,,,5,,,,,,,,,,1770934976.5378113,,,,,,,,,,,,,,,,,,,,,,,,,,,,,,,,,,,,,5023.837940465,,,,,,,,"{'size': 151, '_latest_artifact_path': 'wandb-client-artifact://0gbr3b5d9r8isoewgjijp27h56qh8c035e5ed4y65mf2e2hfee2kqi6iqek3g8dehpi1b2wwiakv7023inrscll0c92dbotjb5rhxnswk6sc38h1wr56rf8dtqgo24cc:latest/fold1/confusion_matrix.table.json', '_type': 'table-file', 'ncols': 5, 'log_mode': 'IMMUTABLE', 'sha256': 'c8e15cd7ff67118a5ba3e805926c7198a792b34ca6ae09ff5e7884607715eaba', 'nrows': 4, 'path': 'media/table/fold1/confusion_matrix_5_c8e15cd7ff67118a5ba3.table.json', 'artifact_path': 'wandb-client-artifact://tickjgcraov453adckfrt84qis9am2e5lcjb694ggillw14uaa7fjlaials9ztqy63wjaev3qd86wyoeuea5p7x4hpqa6y25yggkdd8qc70obtpgpclook2evssxthod/fold1/confusion_matrix.table.json'}",,,,
,,,,,,,,,6,,,,,,,0.9961933134723602,,0.9949582610133069,1770934976.5393314,,,,,,,,,,,,,,,,,,,,,,,,,,,,,,,,,,,,,5023.839138728,,,,0.9937262671289417,,,,,,,,
,,,,,,,,,7,,0.9900793650793651,,,,,,,,1770934976.539701,,,,,,,,,,,,,,,,,,,,,,,,,,,,,,,,,,,,,5023.839332603,,0.9938259310894244,,,,,,,0.9976009596161536,,,
,,,,,,,,0.9947549285585097,8,,,,,,,,,,1770934976.5398996,,,,,,,,,,,,,,,,,,,,,,,,,,,,,,0.993676603432701,,,,,,,5023.839470397,,,,,,,,,,0.9958355965960529,,
,,,,,,,,,9,,,,,,,,,,1770934976.5400507,,,,,,0.9869585468095017,,,,,,,,,,,,,0.9764976958525345,,,,,,,,,,,,,0.9976459510357816,,,,,5023.839608872,,,,,,,,,,,,
,,,,,,,,,10,,,,,,,,,,1770935782.3677948,,,,,"{'ncols': 5, 'nrows': 4, '_latest_artifact_path': 'wandb-client-artifact://gg6ksdit02ne2l0filw13ubs3auvsou3wm8seoei6cw12bvbujyflvt9xocold1b06m8beia23ejn0dp8lop5xykwu7551cuhfvk08nwczmlu07utss0jo9jwbheo6mb:latest/fold2/confusion_matrix.table.json', 'path': 'media/table/fold2/confusion_matrix_10_82f2aa8b4249610f85ce.table.json', 'size': 145, 'artifact_path': 'wandb-client-artifact://92dr898xvskrs8hwrmoulxc5jo0ctuagziljz59qz9wqjpac54nygk4dcghaisoxopvmr9rrjirw2463j9azbrh000n8aqpig1wlv91thmyg59p49qrq3u4oo7mdww9c/fold2/confusion_matrix.table.json', 'sha256': '82f2aa8b4249610f85ce2d310316b91366ba02ffd93da5223799945207f8bb27', '_type': 'table-file', 'log_mode': 'IMMUTABLE'}",,,,,,,,,,,,,,,,,,,,,,,,,,,,,,,,5829.667525502,,,,,,,,,,,,
0.9967156439066551,,,,,,,,,11,,,,,,0.999479979199168,,,,1770935782.3692803,,,,0.9980958975246668,,,,,,,,,,,,,,,,,,,,,,,,,,,,,,,,,5829.669010425,,,,,,,,,,,,
,,,,,,,,,12,,,,,,,,,,1770935782.3696253,,,,,,,,,0.9950914770191879,,,,,0.9986565158978952,,,0.9968708091193563,,,,,,,,,,,,,,,,,,,,5829.669270051,,,,,,,,,,,,
,,,,,,,,,13,,,,,,,,,,1770935782.3698666,,,,,,,,,,,,,,,,,,,,,0.9982529699510831,,,,,,,,,,,,,,0.9988637356874399,,5829.669463706,,,,,,0.9994752492566031,,,,,,
,,,,,,,,,14,,,,,,,,,,1770935782.3700876,,,,,,,0.9976009596161536,,,,,,,,,,,,,,,,,,0.9972022382094324,,,,,,,,,,,,5829.669673593,,,,,0.9974015590645613,,,,,,,
,,,,,,,,,15,,,,,,,,,,1770936327.9853008,,"{'ncols': 5, 'nrows': 4, 'path': 'media/table/fold3/confusion_matrix_15_22ac879748c1fd318e6b.table.json', 'log_mode': 'IMMUTABLE', '_latest_artifact_path': 'wandb-client-artifact://fah06v4kwcop7mj9euhlkkwbn55mfftak49ralld1ttj3dsxan56utdzn6k1nfvu34wgy0q8j38iyi13bi0pjt446zwart8w66329twyxv9sqaaq09d5aj3z5gggnbh6:latest/fold3/confusion_matrix.table.json', 'size': 148, 'sha256': '22ac879748c1fd318e6be15fe958bd09c5cdfccc041a2bea8e32235cefe6ca10', 'artifact_path': 'wandb-client-artifact://2tdtr946nxhu85ejbvqeo9xqadzs3w1ex8t3wcslw54ixyxexj415vtkitfw2lmt1297el408lc3rr6ax7cnpx4h2yyv0f94j9r257d9b4ewojxssqi7x68n11ha2hs6/fold3/confusion_matrix.table.json', '_type': 'table-file'}",,,,,,,,,,,,,,,,,,,,,,,,,,,,,,,,,,,6375.285150161,,,,,,,,,,,,
,,,,0.9950625991888555,,,,,16,,,,,,,,,,1770936327.9868855,,,,,,,,,,,,,,,,,,,,,,,,,,,0.9967323147575731,,,,,,,,,,6375.286722297,,,,,,,,,,,,0.9984076433121019
,,,,,,0.9916142557651991,,,17,,,,,,,,,,1770936327.9872947,,,,,,,,0.9932801343973121,,,,,,,,,,,,0.9949516196886832,,,,,,,,,,,,,,,,,6375.287073034,,,,,,,,,,,,
,,,,,,,,,18,,,,,,,,,,1770936327.9876204,,,,,,,,,,,,,,,0.9948320413436692,,,0.9972370920393714,,,,,,,,,,,,,0.9960331148671956,,,,,,6375.287187241,,,,,,,,,,,,
,,,,,,,0.9923060927427739,,19,,,,,,,,,,1770936327.9877613,0.9929255097794424,,,,,,,,,,,,,,,,,,,,,,,,,,,0.9916874480465503,,,,,,,,,6375.287380465,,,,,,,,,,,,
,,,,,,,,,20,,,,,,,,,,1770936790.5233495,,,,,,,,,,,,,"{'ncols': 5, 'nrows': 4, 'path': 'media/table/fold4/confusion_matrix_20_f101a11ab694b795c02f.table.json', 'sha256': 'f101a11ab694b795c02f902e117f01f1ca1acb61a44969b92a57158d45859e1e', '_latest_artifact_path': 'wandb-client-artifact://ytj5eq7lbk27h61p7u9oc4tiwd1z3b4ki5xmvmfh2dx4xk5b763j2gmilxdgg3yarqqdlo29l3fmqkppqu6ofeanm57v8wu70wnd6o0nsaclpvyt0ejbfvkdck2skuon:latest/fold4/confusion_matrix.table.json', 'log_mode': 'IMMUTABLE', 'artifact_path': 'wandb-client-artifact://rvfkp9gf96nruvz0j14oyn2r8ieiscmtfj4kx8pihp8by7s0zk9utzmjtzan7uw81zuivpt20l5pdjvq49wxrtkjsp4oz5gdvr0rt4uhidtn5wcgo8oyn6svf542watb/fold4/confusion_matrix.table.json', '_type': 'table-file', 'size': 148}",,,,,,,,,,,,,,,,,,,,,,,,6837.823159619,,,,,,,,,,,,
,,,,,,,,,21,,,,,,,,,,1770936790.524523,,,,,,,,,,,,,,,,,,,,,,,,,,,,,,,,,,0.9970159733192908,,,6837.824271319,0.9975412715138743,,,,,,0.9980671235283781,,,,,
,0.9915504858470638,,,,,,,,22,,,,,,,,,,1770936790.5248506,,,,,,,,,,,,,,,,,,,,,,0.9951240195039219,,,,,,,,,,,0.9987234042553191,,,,6837.824505074,,,,,,,,,,,,
,,,0.9980245641157777,,,,,,23,,,,,0.9993120055039559,,,,,1770936790.5250754,,,,,,,,,,,0.9967404357522731,,,,,,,,,,,,,,,,,,,,,,,,,,6837.824687206,,,,,,,,,,,,
,,0.9940627650551315,,,,,,,24,,,,,,,,,,1770936790.5252943,,,,,,,,,,,,0.9923793395427604,,,,,,,,,,,,,,,,,,,,,,,,,6837.824918857,,,0.9907016060862215,,,,,,,,,
,,,,,,,,,25,,,,"{'log_mode': 'IMMUTABLE', '_type': 'table-file', 'nrows': 5, 'ncols': 9, '_latest_artifact_path': 'wandb-client-artifact://zjosqrfjxssl06sqqfv2gpve6i19odw5uphto5z7f35ofbcbpn7y3wpri4n124q0o838hgnoz8acf5kyv7heq54daversie7ji3bghm8dpu8qz8tixw6nve0iieupveq:latest/cv5/fold_metrics.table.json', 'size': 781, 'artifact_path': 'wandb-client-artifact://xi917jrixk0ngtb3xozvouq4ksqssiyrh1isr2e9339zsxsk8d3bcatqupzovdaldpftpt5fdd6fgmbonkpilktvjzawt6k6dff4xw7b0wyxd3e2k3row5bc4fulwd4j/cv5/fold_metrics.table.json', 'path': 'media/table/cv5/fold_metrics_25_e1516e2056aa4ada7838.table.json', 'sha256': 'e1516e2056aa4ada7838a759a6c2077e0923ee1b8a140cda5902a85a3c6c7f55'}",,,,,,1770936790.8210106,,,,,,,,,,,,,,,,,,,,,,,,,,,,,,,,,,,,,6838.120875989,,,,,,,,,,,,
