fold2/class_3/precision,fold3/class_2/recall,fold4/class_1/recall,fold2/class_1/precision,fold4/class_3/recall,fold3/confusion_matrix,fold1/class_0/recall,fold3/class_0/recall,fold0/class_0/precision,fold2/class_2/precision,fold1/class_2/recall,fold1/class_1/recall,fold2/class_3/recall,fold3/class_3/f1-score,fold0/class_0/recall,fold0/class_1/f1-score,fold2/class_3/f1-score,fold2/class_0/precision,fold2/class_2/f1-score,fold4/class_0/precision,fold4/class_3/precision,fold0/class_3/recall,fold4/confusion_matrix,fold0/class_3/precision,fold4/class_2/recall,_step,fold3/class_1/f1-score,fold1/class_2/precision,fold3/class_3/precision,fold4/class_2/f1-score,fold2/class_1/recall,fold3/class_1/precision,fold0/class_1/precision,fold0/class_0/f1-score,fold1/class_3/f1-score,fold3/class_2/precision,fold1/confusion_matrix,fold0/confusion_matrix,fold3/class_0/f1-score,fold4/class_3/f1-score,fold3/class_2/f1-score,fold0/class_3/f1-score,fold1/class_1/f1-score,fold1/class_3/recall,fold1/class_2/f1-score,fold4/class_0/f1-score,fold0/class_2/f1-score,_timestamp,fold4/class_1/f1-score,fold4/class_2/precision,fold1/class_0/precision,fold0/class_1/recall,_runtime,fold2/class_1/f1-score,fold4/class_0/recall,fold1/class_3/precision,fold2/class_0/recall,cv5/fold_metrics,fold2/confusion_matrix,fold3/class_3/recall,fold0/class_2/precision,fold2/class_0/f1-score,fold0/class_2/recall,fold3/class_0/precision,fold4/class_1/precision,fold3/class_1/recall,fold2/class_2/recall,fold1/class_0/f1-score,fold1/class_1/precision
,,,,,,,,,,,,,,,,,,,,,,,,,0,,,,,,,,,,,,"{'log_mode': 'IMMUTABLE', 'artifact_path': 'wandb-client-artifact://ud9v7rx87ofkcp3meuhshrwn4elwlcgti2psahnu2gc7zgihdz3l11pf46dgeu64raijvcbi0gshhqcfr70n3117chv6mgfg89qzau978m4hze2p7mppgxt1wem4t6mh/fold0/confusion_matrix.table.json', '_latest_artifact_path': 'wandb-client-artifact://vryxfoxswr8r1zxto3nn0sy7omzqzlyig4cqdb5yh1omy591otq73644uusd0oqp40zmaf1vlib3urwfrt06hxziqsmfikx7b09uykxb1ann4aarkbq6ejfd1mx1cxv1:latest/fold0/confusion_matrix.table.json', 'ncols': 5, 'sha256': '76961399955c194cbf0f16cce1130397791bd37129ad16e7786fac98a8dc6c23', 'size': 146, '_type': 'table-file', 'path': 'media/table/fold0/confusion_matrix_0_76961399955c194cbf0f.table.json', 'nrows': 4}",,,,,,,,,,1770720197.0314846,,,,,1798.94488739,,,,,,,,,,,,,,,,
,,,,,,,,0.9996749024707412,,,,,,0.9983766233766234,,,,,,,,,,,1,,,,,,,,0.9990253411306043,,,,,,,,,,,,,,1770720197.0339744,,,,,1798.946659046,,,,,,,,,,,,,,,,
,,,,,,,,,,,,,,,0.9963045084996305,,,,,,,,,,2,,,,,,,0.997779422649889,,,,,,,,,,,,,,,1770720197.0344458,,,,0.9948339483394834,1798.947119838,,,,,,,,,,,,,,,,
,,,,,,,,,,,,,,,,,,,,,,,,,3,,,,,,,,,,,,,,,,,,,,,0.9971088981689689,1770720197.034937,,,,,1798.947555717,,,,,,,,0.9977499196399872,,0.9964686998394864,,,,,,
,,,,,,,,,,,,,,,,,,,,,0.9959322033898305,,0.9878950907868191,,4,,,,,,,,,,,,,,,,0.9918973666441594,,,,,,1770720197.0352807,,,,,1798.947882834,,,,,,,,,,,,,,,,
,,,,,,,,,,,,,,,,,,,,,,,,,5,,,,,,,,,,,"{'nrows': 4, 'log_mode': 'IMMUTABLE', 'ncols': 5, '_latest_artifact_path': 'wandb-client-artifact://yl2z7solp2gi89e0qxptnvihxbf9jjvguzbiswxlru58w9we6520jmztizvczm5glvy6117u87cp9k95b0u3ka4i60hc13fpksgo6i0ptp1w3c0r10ew07u8le79ow36:latest/fold1/confusion_matrix.table.json', 'path': 'media/table/fold1/confusion_matrix_5_5f7b23262a68dc8237cd.table.json', 'size': 146, 'sha256': '5f7b23262a68dc8237cd1a625efbadaf04d0f200936c7d2fad35f44f5b67b434', 'artifact_path': 'wandb-client-artifact://zp9j2qsp2vkz35v0ezw105mceq53sihol8x0x7r4tdmonk4se05jr9f4edlv5koklbj9qes4j2551nml3zubkmmo1tmdvsakxmvnoru77btx5uungn7j6g7022xmt1g1/fold1/confusion_matrix.table.json', '_type': 'table-file'}",,,,,,,,,,,1770720420.5082839,,,,,2022.42106476,,,,,,,,,,,,,,,,
,,,,,,0.9940564635958395,,,,,,,,,,,,,,,,,,,6,,,,,,,,,,,,,,,,,,,,,,1770720420.5097249,,,0.9997011356843993,,2022.422450413,,,,,,,,,,,,,,,0.9968708091193563,
,,,,,,,,,,,0.9985714285714286,,,,,,,,,,,,,,7,,,,,,,,,,,,,,,,,0.9971469329529244,,,,,1770720420.5101106,,,,,2022.422762015,,,,,,,,,,,,,,,,0.9957264957264957
,,,,,,,,,,0.9983739837398374,,,,,,,,,,,,,,,8,,0.9993489583333334,,,,,,,,,,,,,,,,,0.998861233121848,,,1770720420.5104706,,,,,2022.423072297,,,,,,,,,,,,,,,,
,,,,,,,,,,,,,,,,,,,,,,,,,9,,,,,,,,,0.9890664423885618,,,,,,,,,0.9966101694915255,,,,1770720420.5107915,,,,,2022.423353679,,,0.9816360601001669,,,,,,,,,,,,,
,,,,,,,,,,,,,,,,,,,,,,,,,10,,,,,,,,,,,,,,,,,,,,,,1770720612.8137677,,,,,2214.726498624,,,,,,"{'path': 'media/table/fold2/confusion_matrix_10_03c660a8b52e791fa520.table.json', 'ncols': 5, 'log_mode': 'IMMUTABLE', 'nrows': 4, 'sha256': '03c660a8b52e791fa5208e5d4b7cadbb186736f39af089b6e18db7c6176ce1a6', 'size': 147, '_type': 'table-file', 'artifact_path': 'wandb-client-artifact://cpqn2rzmlrw3fwvms333cgqh3u2beu506njwcay9bzgql1ehy2uwyuez5qkkvoaylpse2kjn4b5pstk27t298dy64y09b8gs03nkcqn4b09icbymxzw4u39tmpkx4tew/fold2/confusion_matrix.table.json', '_latest_artifact_path': 'wandb-client-artifact://jcg0q417gm63mk7vonlznrhkl8zzu1vi4pyzpxjilyoeu8hvablfo00n89byh6u1jzuhejak3fpnkt2rvmk29sjzd6lv0ri4w9qgbwens926iwnipomb2ynr0d2xsgla:latest/fold2/confusion_matrix.table.json'}",,,,,,,,,,
,,,,,,,,,,,,,,,,,0.9996870109546165,,,,,,,,11,,,,,,,,,,,,,,,,,,,,,,1770720612.8154054,,,,,2214.728010215,,,,0.9965678627145086,,,,,0.998125,,,,,,,
,,,0.9983857949959645,,,,,,,,,,,,,,,,,,,,,,12,,,,,0.993574297188755,,,,,,,,,,,,,,,,,1770720612.815749,,,,,2214.728320425,0.9959742351046699,,,,,,,,,,,,,,,
,,,,,,,,,0.9968642207588586,,,,,,,,,0.998272884283247,,,,,,,13,,,,,,,,,,,,,,,,,,,,,,1770720612.8161414,,,,,2214.728785372,,,,,,,,,,,,,,0.9996855345911949,,
0.9863994273443092,,,,,,,,,,,,0.9913669064748202,,,,0.9888769285970578,,,,,,,,,14,,,,,,,,,,,,,,,,,,,,,,1770720612.8165572,,,,,2214.729182412,,,,,,,,,,,,,,,,
,,,,,"{'path': 'media/table/fold3/confusion_matrix_15_4dcca47948ab6a04ed25.table.json', 'log_mode': 'IMMUTABLE', '_type': 'table-file', 'size': 148, '_latest_artifact_path': 'wandb-client-artifact://tm54l3b0ch66qlng93m0kji3h6sc474i9fpc0qdqkeitdy697y3aspfv9zlqy46ms1a34qmjj4j6trfyalvefe03yqk70jgdt2xbrxdopf8vveri88pxkx4amwzt446w:latest/fold3/confusion_matrix.table.json', 'ncols': 5, 'nrows': 4, 'sha256': '4dcca47948ab6a04ed25762424992386d0b9f6ad1fd918328a949394aafcb48a', 'artifact_path': 'wandb-client-artifact://cgmu2d8kjdmrwweguqckgre88fzok7423vp5td9e3rfwggpkeukccflb3yb2f2dmsd14wlejuqc4e8qd9mshage4lwu5wyekaj6e10j2ycdp4fu9k4vdkj4t9e3vvp21/fold3/confusion_matrix.table.json'}",,,,,,,,,,,,,,,,,,,,15,,,,,,,,,,,,,,,,,,,,,,1770720744.089776,,,,,2346.002489355,,,,,,,,,,,,,,,,
,,,,,,,0.9955414012738854,,,,,,,,,,,,,,,,,,16,,,,,,,,,,,,,0.997765719757421,,,,,,,,,1770720744.0915694,,,,,2346.004216707,,,,,,,,,,,1,,,,,
,,,,,,,,,,,,,,,,,,,,,,,,,17,0.9895052473763118,,,,,0.9828741623231572,,,,,,,,,,,,,,,,1770720744.0920022,,,,,2346.004646834,,,,,,,,,,,,,0.9962264150943396,,,
,0.9910077519379845,,,,,,,,,,,,,,,,,,,,,,,,18,,,,,,,,,,0.9968808484092326,,,,,0.9939356243197014,,,,,,,1770720744.0924501,,,,,2346.0051037,,,,,,,,,,,,,,,,
,,,,,,,,,,,,,0.9780260707635009,,,,,,,,,,,,19,,,0.9725925925925926,,,,,,,,,,,,,,,,,,,1770720744.092867,,,,,2346.005503212,,,,,,,0.9835205992509364,,,,,,,,,
,,,,,,,,,,,,,,,,,,,,,,"{'ncols': 5, '_latest_artifact_path': 'wandb-client-artifact://o2cjywv3qqw0c5652ftvly9ay7l4xwyitk1yksvckr8zwvpcghhdqwbvetqgjcdelvf7sb8h1ev85yezlh6surjlohwnalrz7gih603v12lv9u98oaydpd5wu6erim9l:latest/fold4/confusion_matrix.table.json', 'size': 152, 'sha256': 'd7562cf88fa91e32a58d0b3a8da0a2165b0996a5e3b93aa09a129fbae619baca', 'log_mode': 'IMMUTABLE', 'nrows': 4, 'path': 'media/table/fold4/confusion_matrix_20_d7562cf88fa91e32a58d.table.json', 'artifact_path': 'wandb-client-artifact://k50rxkuhnv0bjes8xewc2w0w05uv47oyv0pe9ykyyequ3qpzwma5u5bs4j8t4i6y4n6jbl0kpu77q8luh4tbai3o6aerfpd9tgqh4ukltcy0u0dlegecyqzkmmxdu7bk/fold4/confusion_matrix.table.json', '_type': 'table-file'}",,,20,,,,,,,,,,,,,,,,,,,,,,1770720843.644615,,,,,2445.557295267,,,,,,,,,,,,,,,,
,,,,,,,,,,,,,,,,,,,0.9936244819891616,,,,,,21,,,,,,,,,,,,,,,,,,,,0.9892097746747064,,1770720843.6463184,,,,,2445.55893188,,0.9848341232227488,,,,,,,,,,,,,,
,,0.9239543726235742,,,,,,,,,,,,,,,,,,,,,,,22,,,,,,,,,,,,,,,,,,,,,,1770720843.6468315,0.9473684210526315,,,,2445.559465044,,,,,,,,,,,,0.972,,,,
,,,,,,,,,,,,,,,,,,,,,,,,0.9894736842105263,23,,,,0.9922384352685502,,,,,,,,,,,,,,,,,,1770720843.647274,,0.9950186799501868,,,2445.559835867,,,,,,,,,,,,,,,,
,,,,0.9778625954198473,,,,,,,,,,,,,,,,0.9014778325123153,,,,,24,,,,,,,,,,,,,,0.9381179055291102,,,,,,,,1770720843.6476502,,,,,2445.560206552,,,,,,,,,,,,,,,,
,,,,,,,,,,,,,,,,,,,,,,,,,25,,,,,,,,,,,,,,,,,,,,,,1770720843.9718919,,,,,2445.884631435,,,,,"{'_latest_artifact_path': 'wandb-client-artifact://dud203g997y5t0tju278qh6jrmgot6ez49q537ej51sp5fd19v3jlk7rfjsa4a813pbmz2b3e8ocba2p5woqeaqtads98qydqhb5l7iefcsxmc405582exogb27bbs78:latest/cv5/fold_metrics.table.json', '_type': 'table-file', 'sha256': '26258a6789008a650fcdab1aea6421d1f29f2525a233164ea4d2fc3160c03def', 'ncols': 9, 'path': 'media/table/cv5/fold_metrics_25_26258a6789008a650fcd.table.json', 'log_mode': 'IMMUTABLE', 'size': 776, 'nrows': 5, 'artifact_path': 'wandb-client-artifact://lm3dxvlyclc59ylke6x5d4tuirgiu38drawnxlfgn4jr5qvr223ldehlz9o1g4a4i4627u16p2n53vojyhfr3itri7oi6x4v7piywb60hc0tjqjp17xaqba65c6li9pa/cv5/fold_metrics.table.json'}",,,,,,,,,,,
